/*Insertion table ADRESSE*/
INSERT INTO "adresse" (idadresse,numeroadresse,rueadresse,villeadresse,paysadresse,cpadresse) VALUES (1,26,'Ac Impasse','Cherbourg-Octeville','France','53517');
INSERT INTO "adresse" (idadresse,numeroadresse,rueadresse,villeadresse,paysadresse,cpadresse) VALUES (2,72,'Sed Avenue','Saint-Sébastien-sur-Loire','France','26428');
INSERT INTO "adresse" (idadresse,numeroadresse,rueadresse,villeadresse,paysadresse,cpadresse) VALUES (3,52,'Ave','Brest','France','17856');
INSERT INTO "adresse" (idadresse,numeroadresse,rueadresse,villeadresse,paysadresse,cpadresse) VALUES (4,11,'Ante. Ave','Moulins','France','46136');
INSERT INTO "adresse" (idadresse,numeroadresse,rueadresse,villeadresse,paysadresse,cpadresse) VALUES (5,86,'Morbi Rd.','Dijon','France','67649');
INSERT INTO "adresse" (idadresse,numeroadresse,rueadresse,villeadresse,paysadresse,cpadresse) VALUES (6,81,'Tortor. Chemin','Saint-Louis','France','80629');
INSERT INTO "adresse" (idadresse,numeroadresse,rueadresse,villeadresse,paysadresse,cpadresse) VALUES (7,40,'Semper Rue','Sotteville-lès-Rouen','France','78394');
INSERT INTO "adresse" (idadresse,numeroadresse,rueadresse,villeadresse,paysadresse,cpadresse) VALUES (8,10,'Dignissim. Rd.','Creil','France','35027');
INSERT INTO "adresse" (idadresse,numeroadresse,rueadresse,villeadresse,paysadresse,cpadresse) VALUES (9,33,'Arcu. Ave','Vierzon','France','99770');
INSERT INTO "adresse" (idadresse,numeroadresse,rueadresse,villeadresse,paysadresse,cpadresse) VALUES (10,12,'In Ave','Lanester','France','87034');
INSERT INTO "adresse" (idadresse,numeroadresse,rueadresse,villeadresse,paysadresse,cpadresse) VALUES (11,32,'Est Avenue','Strasbourg','France','61633');
INSERT INTO "adresse" (idadresse,numeroadresse,rueadresse,villeadresse,paysadresse,cpadresse) VALUES (12,24,'Mi Chemin','Saint-Dié-des-Vosges','France','04886');
INSERT INTO "adresse" (idadresse,numeroadresse,rueadresse,villeadresse,paysadresse,cpadresse) VALUES (13,19,'Pede. Avenue','Rennes','France','52775');
INSERT INTO "adresse" (idadresse,numeroadresse,rueadresse,villeadresse,paysadresse,cpadresse) VALUES (14,95,'Ipsum Rue','Joué-lès-Tours','France','59091');
INSERT INTO "adresse" (idadresse,numeroadresse,rueadresse,villeadresse,paysadresse,cpadresse) VALUES (15,2,'Diam Ave','Bastia','France','58288');
INSERT INTO "adresse" (idadresse,numeroadresse,rueadresse,villeadresse,paysadresse,cpadresse) VALUES (16,82,'Nec Ave','Saintes','France','98647');
INSERT INTO "adresse" (idadresse,numeroadresse,rueadresse,villeadresse,paysadresse,cpadresse) VALUES (17,48,'Adipiscing Chemin','Montluçon','France','55651');
INSERT INTO "adresse" (idadresse,numeroadresse,rueadresse,villeadresse,paysadresse,cpadresse) VALUES (18,85,'Magna, Ave','Martigues','France','71788');
INSERT INTO "adresse" (idadresse,numeroadresse,rueadresse,villeadresse,paysadresse,cpadresse) VALUES (19,94,'Phasellus Impasse','Périgueux','France','71925');
INSERT INTO "adresse" (idadresse,numeroadresse,rueadresse,villeadresse,paysadresse,cpadresse) VALUES (20,14,'Mattis Chemin','Narbonne','France','81077');
INSERT INTO "adresse" (idadresse,numeroadresse,rueadresse,villeadresse,paysadresse,cpadresse) VALUES (21,39,'In Avenue','Saint-Lô','France','34113');
INSERT INTO "adresse" (idadresse,numeroadresse,rueadresse,villeadresse,paysadresse,cpadresse) VALUES (22,61,'Facilisis Chemin','Bordeaux','France','79089');
INSERT INTO "adresse" (idadresse,numeroadresse,rueadresse,villeadresse,paysadresse,cpadresse) VALUES (23,45,'Nulla Avenue','Dreux','France','50607');
INSERT INTO "adresse" (idadresse,numeroadresse,rueadresse,villeadresse,paysadresse,cpadresse) VALUES (24,13,'Tempor Rue','Angoulême','France','70474');
INSERT INTO "adresse" (idadresse,numeroadresse,rueadresse,villeadresse,paysadresse,cpadresse) VALUES (25,88,'Pellentesque Rd.','Blois','France','65126');
INSERT INTO "adresse" (idadresse,numeroadresse,rueadresse,villeadresse,paysadresse,cpadresse) VALUES (26,60,'Imperdiet Ave','Orléans','France','35344');
INSERT INTO "adresse" (idadresse,numeroadresse,rueadresse,villeadresse,paysadresse,cpadresse) VALUES (27,6,'At Route','Calais','France','38494');
INSERT INTO "adresse" (idadresse,numeroadresse,rueadresse,villeadresse,paysadresse,cpadresse) VALUES (28,35,'Pellentesque Avenue','Châteauroux','France','28058');
INSERT INTO "adresse" (idadresse,numeroadresse,rueadresse,villeadresse,paysadresse,cpadresse) VALUES (29,56,'Aliquam Ave','Sens','France','98990');
INSERT INTO "adresse" (idadresse,numeroadresse,rueadresse,villeadresse,paysadresse,cpadresse) VALUES (30,37,'Integer Rue','Nevers','France','16090');
INSERT INTO "adresse" (idadresse,numeroadresse,rueadresse,villeadresse,paysadresse,cpadresse) VALUES (31,8,'Quis Route','Nevers','France','26785');
INSERT INTO "adresse" (idadresse,numeroadresse,rueadresse,villeadresse,paysadresse,cpadresse) VALUES (32,26,'Congue. Ave','Haguenau','France','46740');
INSERT INTO "adresse" (idadresse,numeroadresse,rueadresse,villeadresse,paysadresse,cpadresse) VALUES (33,82,'Tincidunt Av.','Joué-lès-Tours','France','32532');
INSERT INTO "adresse" (idadresse,numeroadresse,rueadresse,villeadresse,paysadresse,cpadresse) VALUES (34,42,'Est Rue','Mulhouse','France','66127');
INSERT INTO "adresse" (idadresse,numeroadresse,rueadresse,villeadresse,paysadresse,cpadresse) VALUES (35,39,'Nulla. Rue','Niort','France','38785');
INSERT INTO "adresse" (idadresse,numeroadresse,rueadresse,villeadresse,paysadresse,cpadresse) VALUES (36,6,'Praesent Rd.','Amiens','France','45647');
INSERT INTO "adresse" (idadresse,numeroadresse,rueadresse,villeadresse,paysadresse,cpadresse) VALUES (37,68,'Eu Impasse','Brest','France','04620');
INSERT INTO "adresse" (idadresse,numeroadresse,rueadresse,villeadresse,paysadresse,cpadresse) VALUES (38,91,'Sapien Route','Creil','France','02456');
INSERT INTO "adresse" (idadresse,numeroadresse,rueadresse,villeadresse,paysadresse,cpadresse) VALUES (39,72,'Tincidunt Avenue','Rennes','France','94347');
INSERT INTO "adresse" (idadresse,numeroadresse,rueadresse,villeadresse,paysadresse,cpadresse) VALUES (40,88,'Malesuada. Ave','Vierzon','France','08706');
INSERT INTO "adresse" (idadresse,numeroadresse,rueadresse,villeadresse,paysadresse,cpadresse) VALUES (41,89,'Morbi Impasse','Clermont-Ferrand','France','85409');
INSERT INTO "adresse" (idadresse,numeroadresse,rueadresse,villeadresse,paysadresse,cpadresse) VALUES (42,17,'Gravida Ave','Rennes','France','28441');
INSERT INTO "adresse" (idadresse,numeroadresse,rueadresse,villeadresse,paysadresse,cpadresse) VALUES (43,54,'Id Av.','Charleville-Mézières','France','62140');
INSERT INTO "adresse" (idadresse,numeroadresse,rueadresse,villeadresse,paysadresse,cpadresse) VALUES (44,22,'Scelerisque Rue','Bastia','France','30629');
INSERT INTO "adresse" (idadresse,numeroadresse,rueadresse,villeadresse,paysadresse,cpadresse) VALUES (45,61,'Et Route','Dole','France','79167');
INSERT INTO "adresse" (idadresse,numeroadresse,rueadresse,villeadresse,paysadresse,cpadresse) VALUES (46,63,'Vitae Rd.','Laval','France','69552');
INSERT INTO "adresse" (idadresse,numeroadresse,rueadresse,villeadresse,paysadresse,cpadresse) VALUES (47,94,'Amet Rue','Carcassonne','France','84054');
INSERT INTO "adresse" (idadresse,numeroadresse,rueadresse,villeadresse,paysadresse,cpadresse) VALUES (48,30,'Vulputate, Impasse','Nancy','France','36550');
INSERT INTO "adresse" (idadresse,numeroadresse,rueadresse,villeadresse,paysadresse,cpadresse) VALUES (49,94,'Ornare Avenue','Brive-la-Gaillarde','France','70868');
INSERT INTO "adresse" (idadresse,numeroadresse,rueadresse,villeadresse,paysadresse,cpadresse) VALUES (50,88,'Libero Ave','Abbeville','France','74242');
INSERT INTO "adresse" (idadresse,numeroadresse,rueadresse,villeadresse,paysadresse,cpadresse) VALUES (51,79,'At Av.','Montauban','France','35567');
INSERT INTO "adresse" (idadresse,numeroadresse,rueadresse,villeadresse,paysadresse,cpadresse) VALUES (52,72,'Vitae Route','Metz','France','12978');
INSERT INTO "adresse" (idadresse,numeroadresse,rueadresse,villeadresse,paysadresse,cpadresse) VALUES (53,93,'Purus Route','Brive-la-Gaillarde','France','69631');
INSERT INTO "adresse" (idadresse,numeroadresse,rueadresse,villeadresse,paysadresse,cpadresse) VALUES (54,12,'Cras Chemin','Caen','France','83177');
INSERT INTO "adresse" (idadresse,numeroadresse,rueadresse,villeadresse,paysadresse,cpadresse) VALUES (55,60,'Id, Av.','Montbéliard','France','52878');
INSERT INTO "adresse" (idadresse,numeroadresse,rueadresse,villeadresse,paysadresse,cpadresse) VALUES (56,20,'Ac Chemin','Tarbes','France','96088');
INSERT INTO "adresse" (idadresse,numeroadresse,rueadresse,villeadresse,paysadresse,cpadresse) VALUES (57,85,'Consectetuer Route','Dijon','France','23634');
INSERT INTO "adresse" (idadresse,numeroadresse,rueadresse,villeadresse,paysadresse,cpadresse) VALUES (58,85,'Non, Chemin','Ajaccio','France','54815');
INSERT INTO "adresse" (idadresse,numeroadresse,rueadresse,villeadresse,paysadresse,cpadresse) VALUES (59,5,'Interdum Avenue','Limoges','France','50966');
INSERT INTO "adresse" (idadresse,numeroadresse,rueadresse,villeadresse,paysadresse,cpadresse) VALUES (60,38,'Gravida Impasse','Hérouville-Saint-Clair','France','87742');
INSERT INTO "adresse" (idadresse,numeroadresse,rueadresse,villeadresse,paysadresse,cpadresse) VALUES (61,77,'Scelerisque Chemin','Épernay','France','13381');
INSERT INTO "adresse" (idadresse,numeroadresse,rueadresse,villeadresse,paysadresse,cpadresse) VALUES (62,81,'Pellentesque Impasse','Le Cannet','France','55191');
INSERT INTO "adresse" (idadresse,numeroadresse,rueadresse,villeadresse,paysadresse,cpadresse) VALUES (63,36,'Pretium Route','Nantes','France','68191');
INSERT INTO "adresse" (idadresse,numeroadresse,rueadresse,villeadresse,paysadresse,cpadresse) VALUES (64,77,'Magnis Rd.','Troyes','France','36857');
INSERT INTO "adresse" (idadresse,numeroadresse,rueadresse,villeadresse,paysadresse,cpadresse) VALUES (65,76,'Quam Chemin','Cannes','France','50653');
INSERT INTO "adresse" (idadresse,numeroadresse,rueadresse,villeadresse,paysadresse,cpadresse) VALUES (66,13,'Nunc Av.','Besançon','France','19233');
INSERT INTO "adresse" (idadresse,numeroadresse,rueadresse,villeadresse,paysadresse,cpadresse) VALUES (67,66,'Amet, Av.','Soissons','France','43411');
INSERT INTO "adresse" (idadresse,numeroadresse,rueadresse,villeadresse,paysadresse,cpadresse) VALUES (68,58,'Dui. Route','La Rochelle','France','30963');
INSERT INTO "adresse" (idadresse,numeroadresse,rueadresse,villeadresse,paysadresse,cpadresse) VALUES (69,64,'Hendrerit Rd.','Mont-de-Marsan','France','70765');
INSERT INTO "adresse" (idadresse,numeroadresse,rueadresse,villeadresse,paysadresse,cpadresse) VALUES (70,10,'In Rd.','Angers','France','00311');
INSERT INTO "adresse" (idadresse,numeroadresse,rueadresse,villeadresse,paysadresse,cpadresse) VALUES (71,92,'Nulla Impasse','Saint-Brieuc','France','70178');
INSERT INTO "adresse" (idadresse,numeroadresse,rueadresse,villeadresse,paysadresse,cpadresse) VALUES (72,5,'Rutrum, Avenue','Mérignac','France','62335');
INSERT INTO "adresse" (idadresse,numeroadresse,rueadresse,villeadresse,paysadresse,cpadresse) VALUES (73,11,'Elit, Impasse','Chalon-sur-Saône','France','10383');
INSERT INTO "adresse" (idadresse,numeroadresse,rueadresse,villeadresse,paysadresse,cpadresse) VALUES (74,82,'Id, Route','Joué-lès-Tours','France','40999');
INSERT INTO "adresse" (idadresse,numeroadresse,rueadresse,villeadresse,paysadresse,cpadresse) VALUES (75,92,'At Ave','Villenave-d''Ornon','France','49013');
INSERT INTO "adresse" (idadresse,numeroadresse,rueadresse,villeadresse,paysadresse,cpadresse) VALUES (76,49,'Integer Rue','Lorient','France','73106');
INSERT INTO "adresse" (idadresse,numeroadresse,rueadresse,villeadresse,paysadresse,cpadresse) VALUES (77,80,'Sed Route','Laon','France','24049');
INSERT INTO "adresse" (idadresse,numeroadresse,rueadresse,villeadresse,paysadresse,cpadresse) VALUES (78,56,'Vitae Impasse','Le Grand-Quevilly','France','72548');
INSERT INTO "adresse" (idadresse,numeroadresse,rueadresse,villeadresse,paysadresse,cpadresse) VALUES (79,83,'Dis Ave','Anglet','France','83735');
INSERT INTO "adresse" (idadresse,numeroadresse,rueadresse,villeadresse,paysadresse,cpadresse) VALUES (80,39,'Ridiculus Av.','Châlons-en-Champagne','France','30650');
INSERT INTO "adresse" (idadresse,numeroadresse,rueadresse,villeadresse,paysadresse,cpadresse) VALUES (81,32,'Vestibulum, Chemin','Strasbourg','France','31570');
INSERT INTO "adresse" (idadresse,numeroadresse,rueadresse,villeadresse,paysadresse,cpadresse) VALUES (82,43,'Sed Route','Sarreguemines','France','73436');
INSERT INTO "adresse" (idadresse,numeroadresse,rueadresse,villeadresse,paysadresse,cpadresse) VALUES (83,40,'Vestibulum. Route','Poitiers','France','48231');
INSERT INTO "adresse" (idadresse,numeroadresse,rueadresse,villeadresse,paysadresse,cpadresse) VALUES (84,45,'Erat Chemin','Joué-lès-Tours','France','70711');
INSERT INTO "adresse" (idadresse,numeroadresse,rueadresse,villeadresse,paysadresse,cpadresse) VALUES (85,62,'Dictum Rd.','Saint-Dié-des-Vosges','France','83077');
INSERT INTO "adresse" (idadresse,numeroadresse,rueadresse,villeadresse,paysadresse,cpadresse) VALUES (86,41,'Leo Rd.','Strasbourg','France','88218');
INSERT INTO "adresse" (idadresse,numeroadresse,rueadresse,villeadresse,paysadresse,cpadresse) VALUES (87,18,'Mollis. Rue','Limoges','France','38002');
INSERT INTO "adresse" (idadresse,numeroadresse,rueadresse,villeadresse,paysadresse,cpadresse) VALUES (88,14,'Auctor. Av.','Le Puy-en-Velay','France','99928');
INSERT INTO "adresse" (idadresse,numeroadresse,rueadresse,villeadresse,paysadresse,cpadresse) VALUES (89,76,'Vitae Route','Toulouse','France','48795');
INSERT INTO "adresse" (idadresse,numeroadresse,rueadresse,villeadresse,paysadresse,cpadresse) VALUES (90,6,'Nunc Impasse','Pontarlier','France','07697');
INSERT INTO "adresse" (idadresse,numeroadresse,rueadresse,villeadresse,paysadresse,cpadresse) VALUES (91,49,'Curabitur Rue','Noisy-le-Grand','France','02501');
INSERT INTO "adresse" (idadresse,numeroadresse,rueadresse,villeadresse,paysadresse,cpadresse) VALUES (92,44,'In Ave','Dreux','France','03116');
INSERT INTO "adresse" (idadresse,numeroadresse,rueadresse,villeadresse,paysadresse,cpadresse) VALUES (93,51,'Ut Chemin','Saint-Louis','France','41744');
INSERT INTO "adresse" (idadresse,numeroadresse,rueadresse,villeadresse,paysadresse,cpadresse) VALUES (94,48,'Augue Ave','Besançon','France','24056');
INSERT INTO "adresse" (idadresse,numeroadresse,rueadresse,villeadresse,paysadresse,cpadresse) VALUES (95,71,'Sem Rd.','Chalon-sur-Saône','France','62237');
INSERT INTO "adresse" (idadresse,numeroadresse,rueadresse,villeadresse,paysadresse,cpadresse) VALUES (96,95,'Et Av.','Vandoeuvre-lès-Nancy','France','97008');
INSERT INTO "adresse" (idadresse,numeroadresse,rueadresse,villeadresse,paysadresse,cpadresse) VALUES (97,70,'Egestas Avenue','Cannes','France','71105');
INSERT INTO "adresse" (idadresse,numeroadresse,rueadresse,villeadresse,paysadresse,cpadresse) VALUES (98,44,'Nisi Rd.','Courbevoie','France','88485');
INSERT INTO "adresse" (idadresse,numeroadresse,rueadresse,villeadresse,paysadresse,cpadresse) VALUES (99,57,'Ante Rue','Vernon','France','40672');
INSERT INTO "adresse" (idadresse,numeroadresse,rueadresse,villeadresse,paysadresse,cpadresse) VALUES (100,49,'Nulla. Chemin','Lorient','France','84855');

/*Insertion table CARTEBANCAIRE*/
INSERT INTO "cartebancaire" (idcarte,numerocarte,expirationcarte,cryptocarte,titulairecarte) VALUES (1,'4716688703020080','28/03/2047','233','India Reynolds');
INSERT INTO "cartebancaire" (idcarte,numerocarte,expirationcarte,cryptocarte,titulairecarte) VALUES (2,'4485811304921','30/04/2023','405','Sade Gilliam');
INSERT INTO "cartebancaire" (idcarte,numerocarte,expirationcarte,cryptocarte,titulairecarte) VALUES (3,'4556716610392566','12/04/2023','385','Merrill Graves');
INSERT INTO "cartebancaire" (idcarte,numerocarte,expirationcarte,cryptocarte,titulairecarte) VALUES (4,'4929922229154','21/10/2025','626','Quentin Morton');
INSERT INTO "cartebancaire" (idcarte,numerocarte,expirationcarte,cryptocarte,titulairecarte) VALUES (5,'4716507083633058','27/11/2022','135','Caleb Coffey');
INSERT INTO "cartebancaire" (idcarte,numerocarte,expirationcarte,cryptocarte,titulairecarte) VALUES (6,'4716652076385892','15/03/2021','468','Willow Potts');
INSERT INTO "cartebancaire" (idcarte,numerocarte,expirationcarte,cryptocarte,titulairecarte) VALUES (7,'4532706048350','14/06/2046','734','Winifred Graves');
INSERT INTO "cartebancaire" (idcarte,numerocarte,expirationcarte,cryptocarte,titulairecarte) VALUES (8,'4485596467539','02/11/2038','163','Dieter Cabrera');
INSERT INTO "cartebancaire" (idcarte,numerocarte,expirationcarte,cryptocarte,titulairecarte) VALUES (9,'4556010612130','26/07/2026','690','Phoebe Day');
INSERT INTO "cartebancaire" (idcarte,numerocarte,expirationcarte,cryptocarte,titulairecarte) VALUES (10,'4532048460172','13/10/2038','753','Teagan Morrison');
INSERT INTO "cartebancaire" (idcarte,numerocarte,expirationcarte,cryptocarte,titulairecarte) VALUES (11,'4716918094415','24/09/2020','354','Violet Mooney');
INSERT INTO "cartebancaire" (idcarte,numerocarte,expirationcarte,cryptocarte,titulairecarte) VALUES (12,'4888503345820635','25/03/2038','126','Kennan Charles');
INSERT INTO "cartebancaire" (idcarte,numerocarte,expirationcarte,cryptocarte,titulairecarte) VALUES (13,'4716680202352','07/10/2034','996','Sasha Matthews');
INSERT INTO "cartebancaire" (idcarte,numerocarte,expirationcarte,cryptocarte,titulairecarte) VALUES (14,'4898580982174','04/02/2046','964','Leilani Schmidt');
INSERT INTO "cartebancaire" (idcarte,numerocarte,expirationcarte,cryptocarte,titulairecarte) VALUES (15,'4024007170455','03/11/2048','294','Murphy Wheeler');
INSERT INTO "cartebancaire" (idcarte,numerocarte,expirationcarte,cryptocarte,titulairecarte) VALUES (16,'4929598313928','14/11/2026','791','Cody French');
INSERT INTO "cartebancaire" (idcarte,numerocarte,expirationcarte,cryptocarte,titulairecarte) VALUES (17,'4929597500923680','01/07/2030','714','Alice Stout');
INSERT INTO "cartebancaire" (idcarte,numerocarte,expirationcarte,cryptocarte,titulairecarte) VALUES (18,'4929633333700092','22/04/2033','795','Ivor Cotton');
INSERT INTO "cartebancaire" (idcarte,numerocarte,expirationcarte,cryptocarte,titulairecarte) VALUES (19,'4539242498469303','30/07/2040','445','Laith Scott');
INSERT INTO "cartebancaire" (idcarte,numerocarte,expirationcarte,cryptocarte,titulairecarte) VALUES (20,'4191710638548','23/11/2043','406','Myles Haney');
INSERT INTO "cartebancaire" (idcarte,numerocarte,expirationcarte,cryptocarte,titulairecarte) VALUES (21,'4539611318448','27/12/2022','277','Blossom Perez');
INSERT INTO "cartebancaire" (idcarte,numerocarte,expirationcarte,cryptocarte,titulairecarte) VALUES (22,'4485963487151','06/07/2044','791','Kelly Jacobs');
INSERT INTO "cartebancaire" (idcarte,numerocarte,expirationcarte,cryptocarte,titulairecarte) VALUES (23,'4929161206210','24/06/2024','743','Mark Howell');
INSERT INTO "cartebancaire" (idcarte,numerocarte,expirationcarte,cryptocarte,titulairecarte) VALUES (24,'4716601412732762','27/05/2037','291','Arthur Medina');
INSERT INTO "cartebancaire" (idcarte,numerocarte,expirationcarte,cryptocarte,titulairecarte) VALUES (25,'4532943950517','28/09/2044','468','Anastasia Rodgers');
INSERT INTO "cartebancaire" (idcarte,numerocarte,expirationcarte,cryptocarte,titulairecarte) VALUES (26,'4716667333216946','21/10/2026','793','Winifred Conner');
INSERT INTO "cartebancaire" (idcarte,numerocarte,expirationcarte,cryptocarte,titulairecarte) VALUES (27,'4539940466850','15/10/2049','133','Eden Ryan');
INSERT INTO "cartebancaire" (idcarte,numerocarte,expirationcarte,cryptocarte,titulairecarte) VALUES (28,'4024007133263','20/12/2038','632','Sydnee Orr');
INSERT INTO "cartebancaire" (idcarte,numerocarte,expirationcarte,cryptocarte,titulairecarte) VALUES (29,'4485422633840105','29/10/2037','113','Kirk Sullivan');
INSERT INTO "cartebancaire" (idcarte,numerocarte,expirationcarte,cryptocarte,titulairecarte) VALUES (30,'4024007190883','23/12/2046','628','Malcolm Bonner');
INSERT INTO "cartebancaire" (idcarte,numerocarte,expirationcarte,cryptocarte,titulairecarte) VALUES (31,'4716262571930158','26/04/2037','736','Lana Burns');
INSERT INTO "cartebancaire" (idcarte,numerocarte,expirationcarte,cryptocarte,titulairecarte) VALUES (32,'4539369315985391','11/07/2021','361','Tate Cohen');
INSERT INTO "cartebancaire" (idcarte,numerocarte,expirationcarte,cryptocarte,titulairecarte) VALUES (33,'4556048098803504','21/10/2027','453','Shad Wolfe');
INSERT INTO "cartebancaire" (idcarte,numerocarte,expirationcarte,cryptocarte,titulairecarte) VALUES (34,'4539288111142','04/12/2024','579','Tasha Thornton');
INSERT INTO "cartebancaire" (idcarte,numerocarte,expirationcarte,cryptocarte,titulairecarte) VALUES (35,'4024007172859109','20/09/2048','593','Mark Harding');
INSERT INTO "cartebancaire" (idcarte,numerocarte,expirationcarte,cryptocarte,titulairecarte) VALUES (36,'4556012516088866','28/02/2031','501','Wynne Kemp');
INSERT INTO "cartebancaire" (idcarte,numerocarte,expirationcarte,cryptocarte,titulairecarte) VALUES (37,'4929026358829013','13/09/2046','775','Wynne Burks');
INSERT INTO "cartebancaire" (idcarte,numerocarte,expirationcarte,cryptocarte,titulairecarte) VALUES (38,'4556725613035','14/12/2034','614','Marsden Woodward');
INSERT INTO "cartebancaire" (idcarte,numerocarte,expirationcarte,cryptocarte,titulairecarte) VALUES (39,'4929603258530','23/03/2043','492','Madeson Ball');
INSERT INTO "cartebancaire" (idcarte,numerocarte,expirationcarte,cryptocarte,titulairecarte) VALUES (40,'4532115918835518','15/08/2038','640','Natalie Meyer');
INSERT INTO "cartebancaire" (idcarte,numerocarte,expirationcarte,cryptocarte,titulairecarte) VALUES (41,'4024007137520','23/10/2026','998','Winter Hughes');
INSERT INTO "cartebancaire" (idcarte,numerocarte,expirationcarte,cryptocarte,titulairecarte) VALUES (42,'4597610837198','05/12/2040','951','Xena Case');
INSERT INTO "cartebancaire" (idcarte,numerocarte,expirationcarte,cryptocarte,titulairecarte) VALUES (43,'4485155865388','24/03/2022','148','Anthony Bradford');
INSERT INTO "cartebancaire" (idcarte,numerocarte,expirationcarte,cryptocarte,titulairecarte) VALUES (44,'4485021456354','24/07/2029','542','Adele Richardson');
INSERT INTO "cartebancaire" (idcarte,numerocarte,expirationcarte,cryptocarte,titulairecarte) VALUES (45,'4652664299635066','22/06/2030','743','Tad Whitley');
INSERT INTO "cartebancaire" (idcarte,numerocarte,expirationcarte,cryptocarte,titulairecarte) VALUES (46,'4929804052849','04/10/2046','426','Cathleen Rivas');
INSERT INTO "cartebancaire" (idcarte,numerocarte,expirationcarte,cryptocarte,titulairecarte) VALUES (47,'4485549465223669','14/10/2041','892','Glenna Wagner');
INSERT INTO "cartebancaire" (idcarte,numerocarte,expirationcarte,cryptocarte,titulairecarte) VALUES (48,'4929178216456735','19/10/2038','814','Xena Robles');
INSERT INTO "cartebancaire" (idcarte,numerocarte,expirationcarte,cryptocarte,titulairecarte) VALUES (49,'4556145279342','11/06/2025','657','Timon Rice');
INSERT INTO "cartebancaire" (idcarte,numerocarte,expirationcarte,cryptocarte,titulairecarte) VALUES (50,'4608332073956380','16/09/2023','442','Aladdin Hobbs');
INSERT INTO "cartebancaire" (idcarte,numerocarte,expirationcarte,cryptocarte,titulairecarte) VALUES (51,'4929674103037','01/06/2027','740','Chadwick Moody');
INSERT INTO "cartebancaire" (idcarte,numerocarte,expirationcarte,cryptocarte,titulairecarte) VALUES (52,'4532210217279862','03/07/2020','798','Sade Reeves');
INSERT INTO "cartebancaire" (idcarte,numerocarte,expirationcarte,cryptocarte,titulairecarte) VALUES (53,'4485081739673909','30/10/2031','812','Lilah Sawyer');
INSERT INTO "cartebancaire" (idcarte,numerocarte,expirationcarte,cryptocarte,titulairecarte) VALUES (54,'4556255901310193','01/12/2033','225','Kirby Rich');
INSERT INTO "cartebancaire" (idcarte,numerocarte,expirationcarte,cryptocarte,titulairecarte) VALUES (55,'4485807459833095','23/03/2034','370','Dawn Sandoval');
INSERT INTO "cartebancaire" (idcarte,numerocarte,expirationcarte,cryptocarte,titulairecarte) VALUES (56,'4539991756159','29/08/2033','194','Ryder Flynn');
INSERT INTO "cartebancaire" (idcarte,numerocarte,expirationcarte,cryptocarte,titulairecarte) VALUES (57,'4929761620265','11/09/2043','543','Brendan Hull');
INSERT INTO "cartebancaire" (idcarte,numerocarte,expirationcarte,cryptocarte,titulairecarte) VALUES (58,'4929779117601','11/04/2049','146','Keegan Mcknight');
INSERT INTO "cartebancaire" (idcarte,numerocarte,expirationcarte,cryptocarte,titulairecarte) VALUES (59,'4716216467362','04/11/2041','528','Rogan Simmons');
INSERT INTO "cartebancaire" (idcarte,numerocarte,expirationcarte,cryptocarte,titulairecarte) VALUES (60,'4556068052312','17/05/2039','824','Zephania Simon');
INSERT INTO "cartebancaire" (idcarte,numerocarte,expirationcarte,cryptocarte,titulairecarte) VALUES (61,'4485560948495378','19/07/2049','925','Lucian Shelton');
INSERT INTO "cartebancaire" (idcarte,numerocarte,expirationcarte,cryptocarte,titulairecarte) VALUES (62,'4485593562142','10/02/2039','907','Ciaran Calhoun');
INSERT INTO "cartebancaire" (idcarte,numerocarte,expirationcarte,cryptocarte,titulairecarte) VALUES (63,'4539562945751','05/03/2047','379','Megan King');
INSERT INTO "cartebancaire" (idcarte,numerocarte,expirationcarte,cryptocarte,titulairecarte) VALUES (64,'4929739651189360','11/11/2033','723','Jaden Reese');
INSERT INTO "cartebancaire" (idcarte,numerocarte,expirationcarte,cryptocarte,titulairecarte) VALUES (65,'4485203200817654','08/04/2026','935','Aiko Pollard');
INSERT INTO "cartebancaire" (idcarte,numerocarte,expirationcarte,cryptocarte,titulairecarte) VALUES (66,'4916739281965','18/08/2027','501','Zorita Huff');
INSERT INTO "cartebancaire" (idcarte,numerocarte,expirationcarte,cryptocarte,titulairecarte) VALUES (67,'4556095411856735','16/04/2038','774','Zenaida Glenn');
INSERT INTO "cartebancaire" (idcarte,numerocarte,expirationcarte,cryptocarte,titulairecarte) VALUES (68,'4024007155639','29/01/2043','970','Blair Sampson');
INSERT INTO "cartebancaire" (idcarte,numerocarte,expirationcarte,cryptocarte,titulairecarte) VALUES (69,'4024007137257142','27/02/2032','775','Jonas Mack');
INSERT INTO "cartebancaire" (idcarte,numerocarte,expirationcarte,cryptocarte,titulairecarte) VALUES (70,'4532021223747655','16/02/2026','569','Blaze Rasmussen');
INSERT INTO "cartebancaire" (idcarte,numerocarte,expirationcarte,cryptocarte,titulairecarte) VALUES (71,'4716371931350','03/06/2036','560','Lillith Soto');
INSERT INTO "cartebancaire" (idcarte,numerocarte,expirationcarte,cryptocarte,titulairecarte) VALUES (72,'4532799267867','30/06/2049','895','Cailin Snyder');
INSERT INTO "cartebancaire" (idcarte,numerocarte,expirationcarte,cryptocarte,titulairecarte) VALUES (73,'4929276617707043','09/06/2029','271','Cyrus Dickerson');
INSERT INTO "cartebancaire" (idcarte,numerocarte,expirationcarte,cryptocarte,titulairecarte) VALUES (74,'4556845655486','22/08/2038','509','Aidan Bishop');
INSERT INTO "cartebancaire" (idcarte,numerocarte,expirationcarte,cryptocarte,titulairecarte) VALUES (75,'4916929784141','12/08/2046','870','Nigel Farrell');
INSERT INTO "cartebancaire" (idcarte,numerocarte,expirationcarte,cryptocarte,titulairecarte) VALUES (76,'4916024970223','21/03/2032','427','Marsden Velazquez');
INSERT INTO "cartebancaire" (idcarte,numerocarte,expirationcarte,cryptocarte,titulairecarte) VALUES (77,'4485441070596897','16/02/2024','264','Angela Camacho');
INSERT INTO "cartebancaire" (idcarte,numerocarte,expirationcarte,cryptocarte,titulairecarte) VALUES (78,'4556669700041181','28/07/2026','163','Whitney Christian');
INSERT INTO "cartebancaire" (idcarte,numerocarte,expirationcarte,cryptocarte,titulairecarte) VALUES (79,'4929713709389793','21/09/2045','527','Casey Collier');
INSERT INTO "cartebancaire" (idcarte,numerocarte,expirationcarte,cryptocarte,titulairecarte) VALUES (80,'4485414506561843','04/05/2033','477','Avye Oconnor');
INSERT INTO "cartebancaire" (idcarte,numerocarte,expirationcarte,cryptocarte,titulairecarte) VALUES (81,'4716139672973','01/03/2047','498','Arthur Mann');
INSERT INTO "cartebancaire" (idcarte,numerocarte,expirationcarte,cryptocarte,titulairecarte) VALUES (82,'4916941729652','12/08/2021','792','Wing Newman');
INSERT INTO "cartebancaire" (idcarte,numerocarte,expirationcarte,cryptocarte,titulairecarte) VALUES (83,'4556259543905','08/09/2020','737','Justin Perry');
INSERT INTO "cartebancaire" (idcarte,numerocarte,expirationcarte,cryptocarte,titulairecarte) VALUES (84,'4929061866907','01/08/2048','228','Brynne Joyce');
INSERT INTO "cartebancaire" (idcarte,numerocarte,expirationcarte,cryptocarte,titulairecarte) VALUES (85,'4916666005805216','19/02/2042','508','Samuel Snyder');
INSERT INTO "cartebancaire" (idcarte,numerocarte,expirationcarte,cryptocarte,titulairecarte) VALUES (86,'4716232762085','24/09/2041','405','India Williamson');
INSERT INTO "cartebancaire" (idcarte,numerocarte,expirationcarte,cryptocarte,titulairecarte) VALUES (87,'4716023752006','03/06/2027','697','Kiara Pierce');
INSERT INTO "cartebancaire" (idcarte,numerocarte,expirationcarte,cryptocarte,titulairecarte) VALUES (88,'4111859899707209','13/10/2047','947','Kadeem Collier');
INSERT INTO "cartebancaire" (idcarte,numerocarte,expirationcarte,cryptocarte,titulairecarte) VALUES (89,'4929106972041','20/04/2037','925','Macon Key');
INSERT INTO "cartebancaire" (idcarte,numerocarte,expirationcarte,cryptocarte,titulairecarte) VALUES (90,'4716688837530','20/04/2030','158','Phelan Nash');
INSERT INTO "cartebancaire" (idcarte,numerocarte,expirationcarte,cryptocarte,titulairecarte) VALUES (91,'4532208913192','25/09/2030','902','Blaze Anthony');
INSERT INTO "cartebancaire" (idcarte,numerocarte,expirationcarte,cryptocarte,titulairecarte) VALUES (92,'4539741504980328','09/08/2038','474','Thor Henry');
INSERT INTO "cartebancaire" (idcarte,numerocarte,expirationcarte,cryptocarte,titulairecarte) VALUES (93,'4539782193729','19/06/2024','334','Upton Ramirez');
INSERT INTO "cartebancaire" (idcarte,numerocarte,expirationcarte,cryptocarte,titulairecarte) VALUES (94,'4539576416594696','10/07/2024','333','Demetrius Cooke');
INSERT INTO "cartebancaire" (idcarte,numerocarte,expirationcarte,cryptocarte,titulairecarte) VALUES (95,'4539327599786','13/04/2021','620','Callie Graves');
INSERT INTO "cartebancaire" (idcarte,numerocarte,expirationcarte,cryptocarte,titulairecarte) VALUES (96,'4916196823184','29/11/2047','867','Freya Dillard');
INSERT INTO "cartebancaire" (idcarte,numerocarte,expirationcarte,cryptocarte,titulairecarte) VALUES (97,'4716775838089047','11/10/2034','282','Devin Fisher');
INSERT INTO "cartebancaire" (idcarte,numerocarte,expirationcarte,cryptocarte,titulairecarte) VALUES (98,'4716735691063778','26/01/2050','773','Scarlett Gould');
INSERT INTO "cartebancaire" (idcarte,numerocarte,expirationcarte,cryptocarte,titulairecarte) VALUES (99,'4916852278558','06/03/2032','437','Indigo Petty');
INSERT INTO "cartebancaire" (idcarte,numerocarte,expirationcarte,cryptocarte,titulairecarte) VALUES (100,'4539476577690591','10/02/2032','539','Grant Keith');

/*Insertion table CATEGORIE*/
INSERT INTO "categorie" (idcategorie,nomcategorie) VALUES (1,'Jeux vidéo et Consoles');
INSERT INTO "categorie" (idcategorie,nomcategorie) VALUES (2,'Informatique et Tablettes');
INSERT INTO "categorie" (idcategorie,nomcategorie) VALUES (3,'Smartphones et Objets connectés');
INSERT INTO "categorie" (idcategorie,nomcategorie) VALUES (4,'Photo et Caméras');
INSERT INTO "categorie" (idcategorie,nomcategorie) VALUES (5,'Son');
INSERT INTO "categorie" (idcategorie,nomcategorie) VALUES (6,'TV et Vidéo');

/*Insertion table SOUSCATEGORIE*/
INSERT INTO "souscategorie" (idsouscategorie, idcategorie,nomsouscategorie) VALUES (1,1,'Playstation');
INSERT INTO "souscategorie" (idsouscategorie, idcategorie,nomsouscategorie) VALUES (2,1,'Nintendo');
INSERT INTO "souscategorie" (idsouscategorie, idcategorie,nomsouscategorie) VALUES (3,1,'PC');
INSERT INTO "souscategorie" (idsouscategorie, idcategorie,nomsouscategorie) VALUES (4,1,'Xbox');
INSERT INTO "souscategorie" (idsouscategorie, idcategorie,nomsouscategorie) VALUES (5,2,'Ordinateur portable');
INSERT INTO "souscategorie" (idsouscategorie, idcategorie,nomsouscategorie) VALUES (6,2,'Ordinateur bureau');
INSERT INTO "souscategorie" (idsouscategorie, idcategorie,nomsouscategorie) VALUES (7,2,'Tablette tactile');
INSERT INTO "souscategorie" (idsouscategorie, idcategorie,nomsouscategorie) VALUES (8,2,'Périphérique et accessoires');
INSERT INTO "souscategorie" (idsouscategorie, idcategorie,nomsouscategorie) VALUES (9,2,'Liseuse numérique');
INSERT INTO "souscategorie" (idsouscategorie, idcategorie,nomsouscategorie) VALUES (10,2,'Bureautique');
INSERT INTO "souscategorie" (idsouscategorie, idcategorie,nomsouscategorie) VALUES (11,3,'Téléphone portable');
INSERT INTO "souscategorie" (idsouscategorie, idcategorie,nomsouscategorie) VALUES (12,3,'Objets connectés');
INSERT INTO "souscategorie" (idsouscategorie, idcategorie,nomsouscategorie) VALUES (13,3,'Téléphone fixe');
INSERT INTO "souscategorie" (idsouscategorie, idcategorie,nomsouscategorie) VALUES (14,3,'Navigation - Auto');
INSERT INTO "souscategorie" (idsouscategorie, idcategorie,nomsouscategorie) VALUES (15,4,'Appareil photo hybride');
INSERT INTO "souscategorie" (idsouscategorie, idcategorie,nomsouscategorie) VALUES (16,4,'Appareil photo reflex');
INSERT INTO "souscategorie" (idsouscategorie, idcategorie,nomsouscategorie) VALUES (17,4,'Appareil photo compact bridge');
INSERT INTO "souscategorie" (idsouscategorie, idcategorie,nomsouscategorie) VALUES (18,4,'Camescope');
INSERT INTO "souscategorie" (idsouscategorie, idcategorie,nomsouscategorie) VALUES (19,4,'Drone');
INSERT INTO "souscategorie" (idsouscategorie, idcategorie,nomsouscategorie) VALUES (20,4,'Objectif photo');
INSERT INTO "souscategorie" (idsouscategorie, idcategorie,nomsouscategorie) VALUES (21,4,'Trépied');
INSERT INTO "souscategorie" (idsouscategorie, idcategorie,nomsouscategorie) VALUES (22,4,'Carte mémoire');
INSERT INTO "souscategorie" (idsouscategorie, idcategorie,nomsouscategorie) VALUES (23,4,'Flash photo');
INSERT INTO "souscategorie" (idsouscategorie, idcategorie,nomsouscategorie) VALUES (24,4,'Jumelles');
INSERT INTO "souscategorie" (idsouscategorie, idcategorie,nomsouscategorie) VALUES (25,4,'Accessoires photo');
INSERT INTO "souscategorie" (idsouscategorie, idcategorie,nomsouscategorie) VALUES (26,5,'Casque, écouteur');
INSERT INTO "souscategorie" (idsouscategorie, idcategorie,nomsouscategorie) VALUES (27,5,'Enceinte, Dock');
INSERT INTO "souscategorie" (idsouscategorie, idcategorie,nomsouscategorie) VALUES (28,5,'Hifi');
INSERT INTO "souscategorie" (idsouscategorie, idcategorie,nomsouscategorie) VALUES (29,6,'TV');
INSERT INTO "souscategorie" (idsouscategorie, idcategorie,nomsouscategorie) VALUES (30,6,'Videoprojecteur');
INSERT INTO "souscategorie" (idsouscategorie, idcategorie,nomsouscategorie) VALUES (31,6,'Barre de son');
INSERT INTO "souscategorie" (idsouscategorie, idcategorie,nomsouscategorie) VALUES (32,6,'Home cinéma');
INSERT INTO "souscategorie" (idsouscategorie, idcategorie,nomsouscategorie) VALUES (33,6,'Lecteur DVD, BLU-RAY');


/*Insertion table MARQUE*/
INSERT INTO "marque" (idmarque,nommarque) VALUES (1,'Acer');
INSERT INTO "marque" (idmarque,nommarque) VALUES (2,'Actes sud');
INSERT INTO "marque" (idmarque,nommarque) VALUES (3,'Activision');
INSERT INTO "marque" (idmarque,nommarque) VALUES (4,'Activision Blizzard');
INSERT INTO "marque" (idmarque,nommarque) VALUES (5,'AEG');
INSERT INTO "marque" (idmarque,nommarque) VALUES (6,'Albin Michel');
INSERT INTO "marque" (idmarque,nommarque) VALUES (7,'Alcatel');
INSERT INTO "marque" (idmarque,nommarque) VALUES (8,'Ankama');
INSERT INTO "marque" (idmarque,nommarque) VALUES (9,'Apple');
INSERT INTO "marque" (idmarque,nommarque) VALUES (10,'Archos');
INSERT INTO "marque" (idmarque,nommarque) VALUES (11,'Asmodée');
INSERT INTO "marque" (idmarque,nommarque) VALUES (12,'Assimil');
INSERT INTO "marque" (idmarque,nommarque) VALUES (13,'Asus');
INSERT INTO "marque" (idmarque,nommarque) VALUES (14,'Atalante');
INSERT INTO "marque" (idmarque,nommarque) VALUES (15,'Atlas');
INSERT INTO "marque" (idmarque,nommarque) VALUES (16,'Audio-Technica');
INSERT INTO "marque" (idmarque,nommarque) VALUES (17,'BabyLiss');
INSERT INTO "marque" (idmarque,nommarque) VALUES (18,'Bandai Namco');
INSERT INTO "marque" (idmarque,nommarque) VALUES (19,'Barbie');
INSERT INTO "marque" (idmarque,nommarque) VALUES (20,'Bayard Jeunesse');
INSERT INTO "marque" (idmarque,nommarque) VALUES (21,'Beats');
INSERT INTO "marque" (idmarque,nommarque) VALUES (22,'Belin');
INSERT INTO "marque" (idmarque,nommarque) VALUES (23,'BenQ');
INSERT INTO "marque" (idmarque,nommarque) VALUES (24,'Bethesda');
INSERT INTO "marque" (idmarque,nommarque) VALUES (25,'Beyblade');
INSERT INTO "marque" (idmarque,nommarque) VALUES (26,'BigBen');
INSERT INTO "marque" (idmarque,nommarque) VALUES (27,'BlackBerry');
INSERT INTO "marque" (idmarque,nommarque) VALUES (28,'Blanc manger Coco');
INSERT INTO "marque" (idmarque,nommarque) VALUES (29,'Bordas');
INSERT INTO "marque" (idmarque,nommarque) VALUES (30,'Bosch');
INSERT INTO "marque" (idmarque,nommarque) VALUES (31,'Bose');
INSERT INTO "marque" (idmarque,nommarque) VALUES (32,'Bragelonne');
INSERT INTO "marque" (idmarque,nommarque) VALUES (33,'Brandt');
INSERT INTO "marque" (idmarque,nommarque) VALUES (34,'Braun');
INSERT INTO "marque" (idmarque,nommarque) VALUES (35,'Brio');
INSERT INTO "marque" (idmarque,nommarque) VALUES (36,'Brother');
INSERT INTO "marque" (idmarque,nommarque) VALUES (37,'Cabasse');
INSERT INTO "marque" (idmarque,nommarque) VALUES (38,'Calor');
INSERT INTO "marque" (idmarque,nommarque) VALUES (39,'Canon');
INSERT INTO "marque" (idmarque,nommarque) VALUES (40,'Capcom');
INSERT INTO "marque" (idmarque,nommarque) VALUES (41,'Capitol');
INSERT INTO "marque" (idmarque,nommarque) VALUES (42,'Carrera');
INSERT INTO "marque" (idmarque,nommarque) VALUES (43,'Casio');
INSERT INTO "marque" (idmarque,nommarque) VALUES (44,'Casterman');
INSERT INTO "marque" (idmarque,nommarque) VALUES (45,'Charleston');
INSERT INTO "marque" (idmarque,nommarque) VALUES (46,'Chicco');
INSERT INTO "marque" (idmarque,nommarque) VALUES (47,'Clementoni');
INSERT INTO "marque" (idmarque,nommarque) VALUES (48,'Columbia');
INSERT INTO "marque" (idmarque,nommarque) VALUES (49,'Cook Expert');
INSERT INTO "marque" (idmarque,nommarque) VALUES (50,'Corsair');
INSERT INTO "marque" (idmarque,nommarque) VALUES (51,'Coyote');
INSERT INTO "marque" (idmarque,nommarque) VALUES (52,'Crosscall');
INSERT INTO "marque" (idmarque,nommarque) VALUES (53,'Crucial');
INSERT INTO "marque" (idmarque,nommarque) VALUES (54,'Dakotabox');
INSERT INTO "marque" (idmarque,nommarque) VALUES (55,'Dalloz');
INSERT INTO "marque" (idmarque,nommarque) VALUES (56,'Dargaud');
INSERT INTO "marque" (idmarque,nommarque) VALUES (57,'Delagrave');
INSERT INTO "marque" (idmarque,nommarque) VALUES (58,'Delcourt');
INSERT INTO "marque" (idmarque,nommarque) VALUES (59,'Dell');
INSERT INTO "marque" (idmarque,nommarque) VALUES (60,'Delonghi');
INSERT INTO "marque" (idmarque,nommarque) VALUES (61,'Delsey');
INSERT INTO "marque" (idmarque,nommarque) VALUES (62,'Denon');
INSERT INTO "marque" (idmarque,nommarque) VALUES (63,'Devialet');
INSERT INTO "marque" (idmarque,nommarque) VALUES (64,'Devolo');
INSERT INTO "marque" (idmarque,nommarque) VALUES (65,'Didier');
INSERT INTO "marque" (idmarque,nommarque) VALUES (66,'Disney');
INSERT INTO "marque" (idmarque,nommarque) VALUES (67,'Djeco');
INSERT INTO "marque" (idmarque,nommarque) VALUES (68,'Dji');
INSERT INTO "marque" (idmarque,nommarque) VALUES (69,'Doro');
INSERT INTO "marque" (idmarque,nommarque) VALUES (70,'Dujardin');
INSERT INTO "marque" (idmarque,nommarque) VALUES (71,'Dunod');
INSERT INTO "marque" (idmarque,nommarque) VALUES (72,'Dupuis');
INSERT INTO "marque" (idmarque,nommarque) VALUES (73,'Dyson');
INSERT INTO "marque" (idmarque,nommarque) VALUES (74,'Eastpak');
INSERT INTO "marque" (idmarque,nommarque) VALUES (75,'Ecole Des Loisirs');
INSERT INTO "marque" (idmarque,nommarque) VALUES (76,'Electrolux');
INSERT INTO "marque" (idmarque,nommarque) VALUES (77,'Electronic Arts');
INSERT INTO "marque" (idmarque,nommarque) VALUES (78,'Ellipses');
INSERT INTO "marque" (idmarque,nommarque) VALUES (79,'Elsevier Masson');
INSERT INTO "marque" (idmarque,nommarque) VALUES (80,'Enchantimals');
INSERT INTO "marque" (idmarque,nommarque) VALUES (81,'EON');
INSERT INTO "marque" (idmarque,nommarque) VALUES (82,'Epson');
INSERT INTO "marque" (idmarque,nommarque) VALUES (83,'Eres');
INSERT INTO "marque" (idmarque,nommarque) VALUES (84,'Esf');
INSERT INTO "marque" (idmarque,nommarque) VALUES (85,'E-Twow');
INSERT INTO "marque" (idmarque,nommarque) VALUES (86,'Eyrolles');
INSERT INTO "marque" (idmarque,nommarque) VALUES (87,'Fayard');
INSERT INTO "marque" (idmarque,nommarque) VALUES (88,'Fisher price');
INSERT INTO "marque" (idmarque,nommarque) VALUES (89,'Fitbit');
INSERT INTO "marque" (idmarque,nommarque) VALUES (90,'Flammarion');
INSERT INTO "marque" (idmarque,nommarque) VALUES (91,'Focal');
INSERT INTO "marque" (idmarque,nommarque) VALUES (92,'Focus Home');
INSERT INTO "marque" (idmarque,nommarque) VALUES (93,'Forceglass');
INSERT INTO "marque" (idmarque,nommarque) VALUES (94,'Foucher');
INSERT INTO "marque" (idmarque,nommarque) VALUES (95,'Fuji');
INSERT INTO "marque" (idmarque,nommarque) VALUES (96,'Fujifilm');
INSERT INTO "marque" (idmarque,nommarque) VALUES (97,'Fujitsu');
INSERT INTO "marque" (idmarque,nommarque) VALUES (98,'Funko');
INSERT INTO "marque" (idmarque,nommarque) VALUES (99,'Gallimard');
INSERT INTO "marque" (idmarque,nommarque) VALUES (100,'Gallimard jeunesse');
INSERT INTO "marque" (idmarque,nommarque) VALUES (101,'Gardena');
INSERT INTO "marque" (idmarque,nommarque) VALUES (102,'Garmin');
INSERT INTO "marque" (idmarque,nommarque) VALUES (103,'Gaumont');
INSERT INTO "marque" (idmarque,nommarque) VALUES (104,'Geomag');
INSERT INTO "marque" (idmarque,nommarque) VALUES (105,'Ghibli');
INSERT INTO "marque" (idmarque,nommarque) VALUES (106,'Gigamic');
INSERT INTO "marque" (idmarque,nommarque) VALUES (107,'Gigaset');
INSERT INTO "marque" (idmarque,nommarque) VALUES (108,'Glénat');
INSERT INTO "marque" (idmarque,nommarque) VALUES (109,'Goliath');
INSERT INTO "marque" (idmarque,nommarque) VALUES (110,'Google');
INSERT INTO "marque" (idmarque,nommarque) VALUES (111,'GoPro');
INSERT INTO "marque" (idmarque,nommarque) VALUES (112,'Grasset');
INSERT INTO "marque" (idmarque,nommarque) VALUES (113,'Grundig');
INSERT INTO "marque" (idmarque,nommarque) VALUES (114,'Hachette Education');
INSERT INTO "marque" (idmarque,nommarque) VALUES (115,'Hachette Pratique');
INSERT INTO "marque" (idmarque,nommarque) VALUES (116,'Hachette Tourisme Guides');
INSERT INTO "marque" (idmarque,nommarque) VALUES (117,'Harlequin');
INSERT INTO "marque" (idmarque,nommarque) VALUES (118,'Harman France');
INSERT INTO "marque" (idmarque,nommarque) VALUES (119,'Harry Potter');
INSERT INTO "marque" (idmarque,nommarque) VALUES (120,'Hasbro');
INSERT INTO "marque" (idmarque,nommarque) VALUES (121,'Hatier');
INSERT INTO "marque" (idmarque,nommarque) VALUES (122,'Hedgren');
INSERT INTO "marque" (idmarque,nommarque) VALUES (123,'Herschel');
INSERT INTO "marque" (idmarque,nommarque) VALUES (124,'Honor');
INSERT INTO "marque" (idmarque,nommarque) VALUES (125,'Hot Wheels');
INSERT INTO "marque" (idmarque,nommarque) VALUES (126,'HP');
INSERT INTO "marque" (idmarque,nommarque) VALUES (127,'HTC');
INSERT INTO "marque" (idmarque,nommarque) VALUES (128,'Huawei');
INSERT INTO "marque" (idmarque,nommarque) VALUES (129,'HyperX');
INSERT INTO "marque" (idmarque,nommarque) VALUES (130,'Iiyama');
INSERT INTO "marque" (idmarque,nommarque) VALUES (131,'Indesit');
INSERT INTO "marque" (idmarque,nommarque) VALUES (132,'Initial');
INSERT INTO "marque" (idmarque,nommarque) VALUES (133,'Intex');
INSERT INTO "marque" (idmarque,nommarque) VALUES (134,'Iris');
INSERT INTO "marque" (idmarque,nommarque) VALUES (135,'Irobot');
INSERT INTO "marque" (idmarque,nommarque) VALUES (136,'Jabra');
INSERT INTO "marque" (idmarque,nommarque) VALUES (137,'Jai Lu');
INSERT INTO "marque" (idmarque,nommarque) VALUES (138,'Janod');
INSERT INTO "marque" (idmarque,nommarque) VALUES (139,'JBL');
INSERT INTO "marque" (idmarque,nommarque) VALUES (140,'JVC');
INSERT INTO "marque" (idmarque,nommarque) VALUES (141,'Kaleidoscope');
INSERT INTO "marque" (idmarque,nommarque) VALUES (142,'Kapla');
INSERT INTO "marque" (idmarque,nommarque) VALUES (143,'Karcher');
INSERT INTO "marque" (idmarque,nommarque) VALUES (144,'Kenwood');
INSERT INTO "marque" (idmarque,nommarque) VALUES (145,'Kitchenaid');
INSERT INTO "marque" (idmarque,nommarque) VALUES (146,'Kobo');
INSERT INTO "marque" (idmarque,nommarque) VALUES (147,'Kodak');
INSERT INTO "marque" (idmarque,nommarque) VALUES (148,'Konami');
INSERT INTO "marque" (idmarque,nommarque) VALUES (149,'Krups');
INSERT INTO "marque" (idmarque,nommarque) VALUES (150,'La découverte');
INSERT INTO "marque" (idmarque,nommarque) VALUES (151,'LaCie');
INSERT INTO "marque" (idmarque,nommarque) VALUES (152,'Lagrange');
INSERT INTO "marque" (idmarque,nommarque) VALUES (153,'Larousse');
INSERT INTO "marque" (idmarque,nommarque) VALUES (154,'Lattes');
INSERT INTO "marque" (idmarque,nommarque) VALUES (155,'Lego');
INSERT INTO "marque" (idmarque,nommarque) VALUES (156,'Lego Duplo');
INSERT INTO "marque" (idmarque,nommarque) VALUES (157,'Leica');
INSERT INTO "marque" (idmarque,nommarque) VALUES (158,'Lenovo');
INSERT INTO "marque" (idmarque,nommarque) VALUES (159,'LG');
INSERT INTO "marque" (idmarque,nommarque) VALUES (160,'Lgdj');
INSERT INTO "marque" (idmarque,nommarque) VALUES (161,'Lgf');
INSERT INTO "marque" (idmarque,nommarque) VALUES (162,'Linksys');
INSERT INTO "marque" (idmarque,nommarque) VALUES (163,'Logitech');
INSERT INTO "marque" (idmarque,nommarque) VALUES (164,'Lonely Planet');
INSERT INTO "marque" (idmarque,nommarque) VALUES (165,'LOreal Paris');
INSERT INTO "marque" (idmarque,nommarque) VALUES (166,'LUCASFILM');
INSERT INTO "marque" (idmarque,nommarque) VALUES (167,'Lumix');
INSERT INTO "marque" (idmarque,nommarque) VALUES (168,'Lunii');
INSERT INTO "marque" (idmarque,nommarque) VALUES (169,'M6 Interactions');
INSERT INTO "marque" (idmarque,nommarque) VALUES (170,'Magimix');
INSERT INTO "marque" (idmarque,nommarque) VALUES (171,'Magnard');
INSERT INTO "marque" (idmarque,nommarque) VALUES (172,'Manfrotto');
INSERT INTO "marque" (idmarque,nommarque) VALUES (173,'Marabout');
INSERT INTO "marque" (idmarque,nommarque) VALUES (174,'Marantz');
INSERT INTO "marque" (idmarque,nommarque) VALUES (175,'Marshall');
INSERT INTO "marque" (idmarque,nommarque) VALUES (176,'Marvel');
INSERT INTO "marque" (idmarque,nommarque) VALUES (177,'Mattel');
INSERT INTO "marque" (idmarque,nommarque) VALUES (178,'Maxtor');
INSERT INTO "marque" (idmarque,nommarque) VALUES (179,'Meccano');
INSERT INTO "marque" (idmarque,nommarque) VALUES (180,'Mercury');
INSERT INTO "marque" (idmarque,nommarque) VALUES (181,'Michel Lafon');
INSERT INTO "marque" (idmarque,nommarque) VALUES (182,'Microsoft');
INSERT INTO "marque" (idmarque,nommarque) VALUES (183,'Miele');
INSERT INTO "marque" (idmarque,nommarque) VALUES (184,'Milady');
INSERT INTO "marque" (idmarque,nommarque) VALUES (185,'Minuit');
INSERT INTO "marque" (idmarque,nommarque) VALUES (186,'Monopoly');
INSERT INTO "marque" (idmarque,nommarque) VALUES (187,'Motorola');
INSERT INTO "marque" (idmarque,nommarque) VALUES (188,'Moulinex');
INSERT INTO "marque" (idmarque,nommarque) VALUES (189,'MSI');
INSERT INTO "marque" (idmarque,nommarque) VALUES (190,'Muse');
INSERT INTO "marque" (idmarque,nommarque) VALUES (191,'Muvit');
INSERT INTO "marque" (idmarque,nommarque) VALUES (192,'MW');
INSERT INTO "marque" (idmarque,nommarque) VALUES (193,'Nathan');
INSERT INTO "marque" (idmarque,nommarque) VALUES (194,'Neato');
INSERT INTO "marque" (idmarque,nommarque) VALUES (195,'Nerf');
INSERT INTO "marque" (idmarque,nommarque) VALUES (196,'Nespresso');
INSERT INTO "marque" (idmarque,nommarque) VALUES (197,'Nest');
INSERT INTO "marque" (idmarque,nommarque) VALUES (198,'Netatmo');
INSERT INTO "marque" (idmarque,nommarque) VALUES (199,'Netgear');
INSERT INTO "marque" (idmarque,nommarque) VALUES (200,'Nikon');
INSERT INTO "marque" (idmarque,nommarque) VALUES (201,'Nintendo');
INSERT INTO "marque" (idmarque,nommarque) VALUES (202,'Nokia');
INSERT INTO "marque" (idmarque,nommarque) VALUES (203,'Oculus');
INSERT INTO "marque" (idmarque,nommarque) VALUES (204,'Odile Jacob');
INSERT INTO "marque" (idmarque,nommarque) VALUES (205,'Olympus');
INSERT INTO "marque" (idmarque,nommarque) VALUES (206,'One Plus');
INSERT INTO "marque" (idmarque,nommarque) VALUES (207,'OnePlus');
INSERT INTO "marque" (idmarque,nommarque) VALUES (208,'Oppo');
INSERT INTO "marque" (idmarque,nommarque) VALUES (209,'Optoma');
INSERT INTO "marque" (idmarque,nommarque) VALUES (210,'Oral B');
INSERT INTO "marque" (idmarque,nommarque) VALUES (211,'Panasonic');
INSERT INTO "marque" (idmarque,nommarque) VALUES (212,'Panini Comics');
INSERT INTO "marque" (idmarque,nommarque) VALUES (213,'Paramount');
INSERT INTO "marque" (idmarque,nommarque) VALUES (214,'Parrot');
INSERT INTO "marque" (idmarque,nommarque) VALUES (215,'Paw Patrol');
INSERT INTO "marque" (idmarque,nommarque) VALUES (216,'Payot');
INSERT INTO "marque" (idmarque,nommarque) VALUES (217,'Pentax');
INSERT INTO "marque" (idmarque,nommarque) VALUES (218,'Peppa Pig');
INSERT INTO "marque" (idmarque,nommarque) VALUES (219,'Perrin');
INSERT INTO "marque" (idmarque,nommarque) VALUES (220,'Petit futé');
INSERT INTO "marque" (idmarque,nommarque) VALUES (221,'Philips');
INSERT INTO "marque" (idmarque,nommarque) VALUES (222,'Pika');
INSERT INTO "marque" (idmarque,nommarque) VALUES (223,'Pioneer');
INSERT INTO "marque" (idmarque,nommarque) VALUES (224,'Plantronics');
INSERT INTO "marque" (idmarque,nommarque) VALUES (225,'Play Doh');
INSERT INTO "marque" (idmarque,nommarque) VALUES (226,'Playmobil');
INSERT INTO "marque" (idmarque,nommarque) VALUES (227,'Pocket');
INSERT INTO "marque" (idmarque,nommarque) VALUES (228,'Pocket Jeunesse');
INSERT INTO "marque" (idmarque,nommarque) VALUES (229,'Points');
INSERT INTO "marque" (idmarque,nommarque) VALUES (230,'Pokémon');
INSERT INTO "marque" (idmarque,nommarque) VALUES (231,'Polaroid');
INSERT INTO "marque" (idmarque,nommarque) VALUES (232,'Polydor');
INSERT INTO "marque" (idmarque,nommarque) VALUES (233,'Port Designs');
INSERT INTO "marque" (idmarque,nommarque) VALUES (234,'Proline');
INSERT INTO "marque" (idmarque,nommarque) VALUES (235,'Puf');
INSERT INTO "marque" (idmarque,nommarque) VALUES (236,'Pure');
INSERT INTO "marque" (idmarque,nommarque) VALUES (237,'Pyjamasques');
INSERT INTO "marque" (idmarque,nommarque) VALUES (238,'Ravensburger');
INSERT INTO "marque" (idmarque,nommarque) VALUES (239,'Razer');
INSERT INTO "marque" (idmarque,nommarque) VALUES (240,'Revitive');
INSERT INTO "marque" (idmarque,nommarque) VALUES (241,'Ricoh');
INSERT INTO "marque" (idmarque,nommarque) VALUES (242,'Robert Laffont');
INSERT INTO "marque" (idmarque,nommarque) VALUES (243,'Roccat');
INSERT INTO "marque" (idmarque,nommarque) VALUES (244,'Rockstar Games');
INSERT INTO "marque" (idmarque,nommarque) VALUES (245,'Rowenta');
INSERT INTO "marque" (idmarque,nommarque) VALUES (246,'Rustica');
INSERT INTO "marque" (idmarque,nommarque) VALUES (247,'Samsonite');
INSERT INTO "marque" (idmarque,nommarque) VALUES (248,'Samsung');
INSERT INTO "marque" (idmarque,nommarque) VALUES (249,'SanDisk');
INSERT INTO "marque" (idmarque,nommarque) VALUES (250,'Seagate');
INSERT INTO "marque" (idmarque,nommarque) VALUES (251,'Seb');
INSERT INTO "marque" (idmarque,nommarque) VALUES (252,'Sega');
INSERT INTO "marque" (idmarque,nommarque) VALUES (253,'Sennheiser');
INSERT INTO "marque" (idmarque,nommarque) VALUES (254,'Seuil');
INSERT INTO "marque" (idmarque,nommarque) VALUES (255,'Sharp');
INSERT INTO "marque" (idmarque,nommarque) VALUES (256,'Siemens');
INSERT INTO "marque" (idmarque,nommarque) VALUES (257,'Sigma');
INSERT INTO "marque" (idmarque,nommarque) VALUES (258,'Singer');
INSERT INTO "marque" (idmarque,nommarque) VALUES (259,'Slendertone');
INSERT INTO "marque" (idmarque,nommarque) VALUES (260,'Smartbox');
INSERT INTO "marque" (idmarque,nommarque) VALUES (261,'Smeg');
INSERT INTO "marque" (idmarque,nommarque) VALUES (262,'Smoby');
INSERT INTO "marque" (idmarque,nommarque) VALUES (263,'Snk');
INSERT INTO "marque" (idmarque,nommarque) VALUES (264,'Sodastream');
INSERT INTO "marque" (idmarque,nommarque) VALUES (265,'Solar');
INSERT INTO "marque" (idmarque,nommarque) VALUES (266,'Soleil');
INSERT INTO "marque" (idmarque,nommarque) VALUES (267,'Somfy');
INSERT INTO "marque" (idmarque,nommarque) VALUES (268,'Sonos');
INSERT INTO "marque" (idmarque,nommarque) VALUES (269,'Sony');
INSERT INTO "marque" (idmarque,nommarque) VALUES (270,'SPHE');
INSERT INTO "marque" (idmarque,nommarque) VALUES (271,'Square Enix');
INSERT INTO "marque" (idmarque,nommarque) VALUES (272,'Star Wars');
INSERT INTO "marque" (idmarque,nommarque) VALUES (273,'Steamone');
INSERT INTO "marque" (idmarque,nommarque) VALUES (274,'Steelseries');
INSERT INTO "marque" (idmarque,nommarque) VALUES (275,'Stock');
INSERT INTO "marque" (idmarque,nommarque) VALUES (276,'Studio Canal');
INSERT INTO "marque" (idmarque,nommarque) VALUES (277,'Sylvanian Families');
INSERT INTO "marque" (idmarque,nommarque) VALUES (278,'Synology');
INSERT INTO "marque" (idmarque,nommarque) VALUES (279,'Tamron');
INSERT INTO "marque" (idmarque,nommarque) VALUES (280,'Targus');
INSERT INTO "marque" (idmarque,nommarque) VALUES (281,'Taschen');
INSERT INTO "marque" (idmarque,nommarque) VALUES (282,'Tcl');
INSERT INTO "marque" (idmarque,nommarque) VALUES (283,'Tefal');
INSERT INTO "marque" (idmarque,nommarque) VALUES (284,'Temium');
INSERT INTO "marque" (idmarque,nommarque) VALUES (285,'Terre Vivante');
INSERT INTO "marque" (idmarque,nommarque) VALUES (286,'Texas Instruments');
INSERT INTO "marque" (idmarque,nommarque) VALUES (287,'The North Face');
INSERT INTO "marque" (idmarque,nommarque) VALUES (288,'Thomson');
INSERT INTO "marque" (idmarque,nommarque) VALUES (289,'Thrustmaster');
INSERT INTO "marque" (idmarque,nommarque) VALUES (290,'Toshiba');
INSERT INTO "marque" (idmarque,nommarque) VALUES (291,'Tp Link');
INSERT INTO "marque" (idmarque,nommarque) VALUES (292,'Transformers');
INSERT INTO "marque" (idmarque,nommarque) VALUES (293,'Tucano');
INSERT INTO "marque" (idmarque,nommarque) VALUES (294,'Turtle Beach');
INSERT INTO "marque" (idmarque,nommarque) VALUES (295,'Ubisoft');
INSERT INTO "marque" (idmarque,nommarque) VALUES (296,'Ultimate Ears');
INSERT INTO "marque" (idmarque,nommarque) VALUES (297,'Universal');
INSERT INTO "marque" (idmarque,nommarque) VALUES (298,'Universal Music');
INSERT INTO "marque" (idmarque,nommarque) VALUES (299,'Urban Comics');
INSERT INTO "marque" (idmarque,nommarque) VALUES (300,'VTech');
INSERT INTO "marque" (idmarque,nommarque) VALUES (301,'Vuibert');
INSERT INTO "marque" (idmarque,nommarque) VALUES (302,'Wacom');
INSERT INTO "marque" (idmarque,nommarque) VALUES (303,'Walt disney');
INSERT INTO "marque" (idmarque,nommarque) VALUES (304,'Warner');
INSERT INTO "marque" (idmarque,nommarque) VALUES (305,'Warner Bros');
INSERT INTO "marque" (idmarque,nommarque) VALUES (306,'Warner Home Video');
INSERT INTO "marque" (idmarque,nommarque) VALUES (307,'Wbs');
INSERT INTO "marque" (idmarque,nommarque) VALUES (308,'Weber');
INSERT INTO "marque" (idmarque,nommarque) VALUES (309,'Western Digital');
INSERT INTO "marque" (idmarque,nommarque) VALUES (310,'Whirlpool');
INSERT INTO "marque" (idmarque,nommarque) VALUES (311,'Wiko');
INSERT INTO "marque" (idmarque,nommarque) VALUES (312,'Withings');
INSERT INTO "marque" (idmarque,nommarque) VALUES (313,'Wonderbox');
INSERT INTO "marque" (idmarque,nommarque) VALUES (314,'Xbox One');
INSERT INTO "marque" (idmarque,nommarque) VALUES (315,'Xiaomi');
INSERT INTO "marque" (idmarque,nommarque) VALUES (316,'Xo');
INSERT INTO "marque" (idmarque,nommarque) VALUES (317,'Yamaha');
INSERT INTO "marque" (idmarque,nommarque) VALUES (318,'Zhiyun');
INSERT INTO "marque" (idmarque,nommarque) VALUES (319,'20th Century Fox');

/*Insertion tale PRODUIT*/
INSERT INTO "produit" (idproduit, idmarque,nomproduit, descriptifproduit, prixproduit) VALUES (1,317,'Piano','Piano 121 touches', 356);
