/*Insertion table CLIENT */

INSERT INTO "client" (idclient, nomclient, prenomclient, datenaissanceclient, mdpclient, mailclient, telephoneclient, civiliteclient) VALUES (1,'Admin', 'Admin' , '08/04/1965', MD5('Admin.Admin@outlook.fr:toto'), 'Admin.Admin@outlook.fr', '07 68 51 54 20','F');
INSERT INTO "client" (idclient, nomclient, prenomclient, datenaissanceclient, mdpclient, mailclient, telephoneclient, civiliteclient) VALUES (2,'Lowery', 'Chanda' , '02/04/2018', MD5('Chanda.Lowery@outlook.fr:toto'), 'Chanda.Lowery@outlook.fr', '04 37 46 00 62','H');
INSERT INTO "client" (idclient, nomclient, prenomclient, datenaissanceclient, mdpclient, mailclient, telephoneclient, civiliteclient) VALUES (3,'Norris', 'Clinton' , '19/02/1980', MD5('Clinton.Norris@outlook.fr:toto'), 'Clinton.Norris@outlook.fr', '02 17 75 44 13','H');
INSERT INTO "client" (idclient, nomclient, prenomclient, datenaissanceclient, mdpclient, mailclient, telephoneclient, civiliteclient) VALUES (4,'Robles', 'Ruth' , '11/11/1981', MD5('Ruth.Robles@outlook.fr:toto'), 'Ruth.Robles@outlook.fr', '09 92 92 82 97','H');
INSERT INTO "client" (idclient, nomclient, prenomclient, datenaissanceclient, mdpclient, mailclient, telephoneclient, civiliteclient) VALUES (5,'Douglas', 'Gwendolyn' , '23/12/1975', MD5('Gwendolyn.Douglas@outlook.fr:toto'), 'Gwendolyn.Douglas@outlook.fr', '08 23 71 16 81','H');
INSERT INTO "client" (idclient, nomclient, prenomclient, datenaissanceclient, mdpclient, mailclient, telephoneclient, civiliteclient) VALUES (6,'Charles', 'Diana' , '12/08/1926', MD5('Diana.Charles@outlook.fr:toto'), 'Diana.Charles@outlook.fr', '01 25 49 90 36','H');
INSERT INTO "client" (idclient, nomclient, prenomclient, datenaissanceclient, mdpclient, mailclient, telephoneclient, civiliteclient) VALUES (7,'Estes', 'Peter' , '23/04/1975', MD5('Peter.Estes@outlook.fr:toto'), 'Peter.Estes@outlook.fr', '02 44 21 88 05','F');
INSERT INTO "client" (idclient, nomclient, prenomclient, datenaissanceclient, mdpclient, mailclient, telephoneclient, civiliteclient) VALUES (8,'Koch', 'Phelan' , '10/06/2006', MD5('Phelan.Koch@outlook.fr:toto'), 'Phelan.Koch@outlook.fr', '02 63 95 55 81','H');
INSERT INTO "client" (idclient, nomclient, prenomclient, datenaissanceclient, mdpclient, mailclient, telephoneclient, civiliteclient) VALUES (9,'Schroeder', 'Brynne' , '19/03/1967', MD5('Brynne.Schroeder@outlook.fr:toto'), 'Brynne.Schroeder@outlook.fr', '07 04 02 12 72','H');
INSERT INTO "client" (idclient, nomclient, prenomclient, datenaissanceclient, mdpclient, mailclient, telephoneclient, civiliteclient) VALUES (10,'Walter', 'Jenna' , '08/01/1982', MD5('Jenna.Walter@outlook.fr:toto'), 'Jenna.Walter@outlook.fr', '02 59 58 69 84','F');
INSERT INTO "client" (idclient, nomclient, prenomclient, datenaissanceclient, mdpclient, mailclient, telephoneclient, civiliteclient) VALUES (11,'Cotton', 'Colby' , '21/02/1934', MD5('Colby.Cotton@outlook.fr:toto'), 'Colby.Cotton@outlook.fr', '04 61 17 71 93','H');
INSERT INTO "client" (idclient, nomclient, prenomclient, datenaissanceclient, mdpclient, mailclient, telephoneclient, civiliteclient) VALUES (12,'Morin', 'Kendall' , '09/09/2019', MD5('Kendall.Morin@outlook.fr:toto'), 'Kendall.Morin@outlook.fr', '01 70 23 04 11','H');
INSERT INTO "client" (idclient, nomclient, prenomclient, datenaissanceclient, mdpclient, mailclient, telephoneclient, civiliteclient) VALUES (13,'Reid', 'Peter' , '31/03/1959', MD5('Peter.Reid@outlook.fr:toto'), 'Peter.Reid@outlook.fr', '08 99 97 72 83','H');
INSERT INTO "client" (idclient, nomclient, prenomclient, datenaissanceclient, mdpclient, mailclient, telephoneclient, civiliteclient) VALUES (14,'Hickman', 'Wayne' , '18/07/1933', MD5('Wayne.Hickman@outlook.fr:toto'), 'Wayne.Hickman@outlook.fr', '07 45 26 01 30','H');
INSERT INTO "client" (idclient, nomclient, prenomclient, datenaissanceclient, mdpclient, mailclient, telephoneclient, civiliteclient) VALUES (15,'Boone', 'Dexter' , '18/08/1955', MD5('Dexter.Boone@outlook.fr:toto'), 'Dexter.Boone@outlook.fr', '07 05 72 95 06','H');
INSERT INTO "client" (idclient, nomclient, prenomclient, datenaissanceclient, mdpclient, mailclient, telephoneclient, civiliteclient) VALUES (16,'Flores', 'Conan' , '20/07/1941', MD5('Conan.Flores@outlook.fr:toto'), 'Conan.Flores@outlook.fr', '02 05 27 64 50','H');
INSERT INTO "client" (idclient, nomclient, prenomclient, datenaissanceclient, mdpclient, mailclient, telephoneclient, civiliteclient) VALUES (17,'Hart', 'Nola' , '03/08/2014', MD5('Nola.Hart@outlook.fr:toto'), 'Nola.Hart@outlook.fr', '07 35 29 43 95','H');
INSERT INTO "client" (idclient, nomclient, prenomclient, datenaissanceclient, mdpclient, mailclient, telephoneclient, civiliteclient) VALUES (18,'Shepard', 'Allistair' , '26/09/2005', MD5('Allistair.Shepard@outlook.fr:toto'), 'Allistair.Shepard@outlook.fr', '02 63 41 47 26','H');
INSERT INTO "client" (idclient, nomclient, prenomclient, datenaissanceclient, mdpclient, mailclient, telephoneclient, civiliteclient) VALUES (19,'Roth', 'Dalton' , '21/12/1957', MD5('Dalton.Roth@outlook.fr:toto'), 'Dalton.Roth@outlook.fr', '04 71 40 69 08','H');
INSERT INTO "client" (idclient, nomclient, prenomclient, datenaissanceclient, mdpclient, mailclient, telephoneclient, civiliteclient) VALUES (20,'Christensen', 'Iona' , '18/12/1935', MD5('Iona.Christensen@outlook.fr:toto'), 'Iona.Christensen@outlook.fr', '06 57 64 78 39','F');
INSERT INTO "client" (idclient, nomclient, prenomclient, datenaissanceclient, mdpclient, mailclient, telephoneclient, civiliteclient) VALUES (21,'Lynn', 'Lysandra' , '24/11/1925', MD5('Lysandra.Lynn@outlook.fr:toto'), 'Lysandra.Lynn@outlook.fr', '02 89 32 56 38','F');
INSERT INTO "client" (idclient, nomclient, prenomclient, datenaissanceclient, mdpclient, mailclient, telephoneclient, civiliteclient) VALUES (22,'Brennan', 'Kevyn' , '31/03/1939', MD5('Kevyn.Brennan@outlook.fr:toto'), 'Kevyn.Brennan@outlook.fr', '09 76 88 74 74','H');
INSERT INTO "client" (idclient, nomclient, prenomclient, datenaissanceclient, mdpclient, mailclient, telephoneclient, civiliteclient) VALUES (23,'Boyd', 'Dara' , '03/12/1970', MD5('Dara.Boyd@outlook.fr:toto'), 'Dara.Boyd@outlook.fr', '03 24 20 25 15','F');
INSERT INTO "client" (idclient, nomclient, prenomclient, datenaissanceclient, mdpclient, mailclient, telephoneclient, civiliteclient) VALUES (24,'Vega', 'Cairo' , '15/05/1932', MD5('Cairo.Vega@outlook.fr:toto'), 'Cairo.Vega@outlook.fr', '07 49 49 58 43','F');
INSERT INTO "client" (idclient, nomclient, prenomclient, datenaissanceclient, mdpclient, mailclient, telephoneclient, civiliteclient) VALUES (25,'Joyner', 'Juliet' , '16/12/1950', MD5('Juliet.Joyner@outlook.fr:toto'), 'Juliet.Joyner@outlook.fr', '07 80 52 76 34','H');
INSERT INTO "client" (idclient, nomclient, prenomclient, datenaissanceclient, mdpclient, mailclient, telephoneclient, civiliteclient) VALUES (26,'Carpenter', 'Frances' , '02/06/1950', MD5('Frances.Carpenter@outlook.fr:toto'), 'Frances.Carpenter@outlook.fr', '05 00 43 91 03','H');
INSERT INTO "client" (idclient, nomclient, prenomclient, datenaissanceclient, mdpclient, mailclient, telephoneclient, civiliteclient) VALUES (27,'Snider', 'Alana' , '06/01/1996', MD5('Alana.Snider@outlook.fr:toto'), 'Alana.Snider@outlook.fr', '03 61 59 17 01','F');
INSERT INTO "client" (idclient, nomclient, prenomclient, datenaissanceclient, mdpclient, mailclient, telephoneclient, civiliteclient) VALUES (28,'Noble', 'Kaseem' , '13/07/1942', MD5('Kaseem.Noble@outlook.fr:toto'), 'Kaseem.Noble@outlook.fr', '03 89 19 48 57','F');
INSERT INTO "client" (idclient, nomclient, prenomclient, datenaissanceclient, mdpclient, mailclient, telephoneclient, civiliteclient) VALUES (29,'Zamora', 'Meghan' , '24/09/1931', MD5('Meghan.Zamora@outlook.fr:toto'), 'Meghan.Zamora@outlook.fr', '07 03 54 76 81','F');
INSERT INTO "client" (idclient, nomclient, prenomclient, datenaissanceclient, mdpclient, mailclient, telephoneclient, civiliteclient) VALUES (30,'Dudley', 'Sarah' , '06/10/2000', MD5('Sarah.Dudley@outlook.fr:toto'), 'Sarah.Dudley@outlook.fr', '07 83 29 90 02','F');
INSERT INTO "client" (idclient, nomclient, prenomclient, datenaissanceclient, mdpclient, mailclient, telephoneclient, civiliteclient) VALUES (31,'Neal', 'Brian' , '13/08/1941', MD5('Brian.Neal@outlook.fr:toto'), 'Brian.Neal@outlook.fr', '02 58 76 83 80','H');
INSERT INTO "client" (idclient, nomclient, prenomclient, datenaissanceclient, mdpclient, mailclient, telephoneclient, civiliteclient) VALUES (32,'Hardin', 'Jelani' , '14/01/1958', MD5('Jelani.Hardin@outlook.fr:toto'), 'Jelani.Hardin@outlook.fr', '07 15 56 74 46','F');
INSERT INTO "client" (idclient, nomclient, prenomclient, datenaissanceclient, mdpclient, mailclient, telephoneclient, civiliteclient) VALUES (33,'Hardy', 'Brendan' , '24/04/1976', MD5('Brendan.Hardy@outlook.fr:toto'), 'Brendan.Hardy@outlook.fr', '08 51 90 15 35','H');
INSERT INTO "client" (idclient, nomclient, prenomclient, datenaissanceclient, mdpclient, mailclient, telephoneclient, civiliteclient) VALUES (34,'Howard', 'Allistair' , '20/01/1976', MD5('Allistair.Howard@outlook.fr:toto'), 'Allistair.Howard@outlook.fr', '08 80 54 80 54','F');
INSERT INTO "client" (idclient, nomclient, prenomclient, datenaissanceclient, mdpclient, mailclient, telephoneclient, civiliteclient) VALUES (35,'Carroll', 'Jason' , '19/12/1973', MD5('Jason.Carroll@outlook.fr:toto'), 'Jason.Carroll@outlook.fr', '09 72 95 80 85','H');
INSERT INTO "client" (idclient, nomclient, prenomclient, datenaissanceclient, mdpclient, mailclient, telephoneclient, civiliteclient) VALUES (36,'May', 'Alice' , '11/01/2004', MD5('Alice.May@outlook.fr:toto'), 'Alice.May@outlook.fr', '02 36 76 25 25','F');
INSERT INTO "client" (idclient, nomclient, prenomclient, datenaissanceclient, mdpclient, mailclient, telephoneclient, civiliteclient) VALUES (37,'Weaver', 'Allegra' , '05/10/1964', MD5('Allegra.Weaver@outlook.fr:toto'), 'Allegra.Weaver@outlook.fr', '02 73 92 72 29','F');
INSERT INTO "client" (idclient, nomclient, prenomclient, datenaissanceclient, mdpclient, mailclient, telephoneclient, civiliteclient) VALUES (38,'Mckee', 'TaShya' , '11/12/2002', MD5('TaShya.Mckee@outlook.fr:toto'), 'TaShya.Mckee@outlook.fr', '02 42 42 11 53','F');
INSERT INTO "client" (idclient, nomclient, prenomclient, datenaissanceclient, mdpclient, mailclient, telephoneclient, civiliteclient) VALUES (39,'Terrell', 'Aphrodite' , '31/08/2009', MD5('Aphrodite.Terrell@outlook.fr:toto'), 'Aphrodite.Terrell@outlook.fr', '06 38 58 33 00','F');
INSERT INTO "client" (idclient, nomclient, prenomclient, datenaissanceclient, mdpclient, mailclient, telephoneclient, civiliteclient) VALUES (40,'Dunlap', 'Benedict' , '12/05/1964', MD5('Benedict.Dunlap@outlook.fr:toto'), 'Benedict.Dunlap@outlook.fr', '09 56 14 54 51','F');
INSERT INTO "client" (idclient, nomclient, prenomclient, datenaissanceclient, mdpclient, mailclient, telephoneclient, civiliteclient) VALUES (41,'Newton', 'Vaughan' , '25/05/1988', MD5('Vaughan.Newton@outlook.fr:toto'), 'Vaughan.Newton@outlook.fr', '06 26 31 77 22','H');
INSERT INTO "client" (idclient, nomclient, prenomclient, datenaissanceclient, mdpclient, mailclient, telephoneclient, civiliteclient) VALUES (42,'Fry', 'Allen' , '25/03/2013', MD5('Allen.Fry@outlook.fr:toto'), 'Allen.Fry@outlook.fr', '05 01 26 28 21','H');
INSERT INTO "client" (idclient, nomclient, prenomclient, datenaissanceclient, mdpclient, mailclient, telephoneclient, civiliteclient) VALUES (43,'Conrad', 'Whilemina' , '30/11/2016', MD5('Whilemina.Conrad@outlook.fr:toto'), 'Whilemina.Conrad@outlook.fr', '01 94 83 97 47','H');
INSERT INTO "client" (idclient, nomclient, prenomclient, datenaissanceclient, mdpclient, mailclient, telephoneclient, civiliteclient) VALUES (44,'Velazquez', 'Adara' , '30/08/1993', MD5('Adara.Velazquez@outlook.fr:toto'), 'Adara.Velazquez@outlook.fr', '05 17 22 04 67','F');
INSERT INTO "client" (idclient, nomclient, prenomclient, datenaissanceclient, mdpclient, mailclient, telephoneclient, civiliteclient) VALUES (45,'Lawrence', 'Inez' , '16/01/1948', MD5('Inez.Lawrence@outlook.fr:toto'), 'Inez.Lawrence@outlook.fr', '06 66 98 11 24','F');
INSERT INTO "client" (idclient, nomclient, prenomclient, datenaissanceclient, mdpclient, mailclient, telephoneclient, civiliteclient) VALUES (46,'Hobbs', 'Kylan' , '13/01/1939', MD5('Kylan.Hobbs@outlook.fr:toto'), 'Kylan.Hobbs@outlook.fr', '03 32 21 44 25','H');
INSERT INTO "client" (idclient, nomclient, prenomclient, datenaissanceclient, mdpclient, mailclient, telephoneclient, civiliteclient) VALUES (47,'Burns', 'Jessamine' , '13/07/1958', MD5('Jessamine.Burns@outlook.fr:toto'), 'Jessamine.Burns@outlook.fr', '05 70 71 02 00','F');
INSERT INTO "client" (idclient, nomclient, prenomclient, datenaissanceclient, mdpclient, mailclient, telephoneclient, civiliteclient) VALUES (48,'Miles', 'Porter' , '25/02/1988', MD5('Porter.Miles@outlook.fr:toto'), 'Porter.Miles@outlook.fr', '06 97 24 37 01','H');
INSERT INTO "client" (idclient, nomclient, prenomclient, datenaissanceclient, mdpclient, mailclient, telephoneclient, civiliteclient) VALUES (49,'Buckley', 'Veronica' , '15/08/1995', MD5('Veronica.Buckley@outlook.fr:toto'), 'Veronica.Buckley@outlook.fr', '09 84 77 77 34','F');
INSERT INTO "client" (idclient, nomclient, prenomclient, datenaissanceclient, mdpclient, mailclient, telephoneclient, civiliteclient) VALUES (50,'Rhodes', 'Jorden' , '18/09/1997', MD5('Jorden.Rhodes@outlook.fr:toto'), 'Jorden.Rhodes@outlook.fr', '07 09 93 90 82','H');
INSERT INTO "client" (idclient, nomclient, prenomclient, datenaissanceclient, mdpclient, mailclient, telephoneclient, civiliteclient) VALUES (51,'Salas', 'Baker' , '14/03/2015', MD5('Baker.Salas@outlook.fr:toto'), 'Baker.Salas@outlook.fr', '09 44 70 11 11','F');
INSERT INTO "client" (idclient, nomclient, prenomclient, datenaissanceclient, mdpclient, mailclient, telephoneclient, civiliteclient) VALUES (52,'Harper', 'Shay' , '19/08/1969', MD5('Shay.Harper@outlook.fr:toto'), 'Shay.Harper@outlook.fr', '06 00 23 34 16','F');
INSERT INTO "client" (idclient, nomclient, prenomclient, datenaissanceclient, mdpclient, mailclient, telephoneclient, civiliteclient) VALUES (53,'Mendoza', 'Emily' , '07/02/1959', MD5('Emily.Mendoza@outlook.fr:toto'), 'Emily.Mendoza@outlook.fr', '03 89 04 70 95','F');
INSERT INTO "client" (idclient, nomclient, prenomclient, datenaissanceclient, mdpclient, mailclient, telephoneclient, civiliteclient) VALUES (54,'Trevino', 'Maxwell' , '13/02/1969', MD5('Maxwell.Trevino@outlook.fr:toto'), 'Maxwell.Trevino@outlook.fr', '04 84 15 14 43','H');
INSERT INTO "client" (idclient, nomclient, prenomclient, datenaissanceclient, mdpclient, mailclient, telephoneclient, civiliteclient) VALUES (55,'Farmer', 'Cheryl' , '27/07/1990', MD5('Cheryl.Farmer@outlook.fr:toto'), 'Cheryl.Farmer@outlook.fr', '05 13 34 13 62','F');
INSERT INTO "client" (idclient, nomclient, prenomclient, datenaissanceclient, mdpclient, mailclient, telephoneclient, civiliteclient) VALUES (56,'Reyes', 'Cassady' , '17/09/1943', MD5('Cassady.Reyes@outlook.fr:toto'), 'Cassady.Reyes@outlook.fr', '03 00 34 20 93','F');
INSERT INTO "client" (idclient, nomclient, prenomclient, datenaissanceclient, mdpclient, mailclient, telephoneclient, civiliteclient) VALUES (57,'Johns', 'Yuri' , '04/06/1987', MD5('Yuri.Johns@outlook.fr:toto'), 'Yuri.Johns@outlook.fr', '03 28 77 84 51','H');
INSERT INTO "client" (idclient, nomclient, prenomclient, datenaissanceclient, mdpclient, mailclient, telephoneclient, civiliteclient) VALUES (58,'Prince', 'Bo' , '19/06/1963', MD5('Bo.Prince@outlook.fr:toto'), 'Bo.Prince@outlook.fr', '06 52 28 09 93','H');
INSERT INTO "client" (idclient, nomclient, prenomclient, datenaissanceclient, mdpclient, mailclient, telephoneclient, civiliteclient) VALUES (59,'Hubbard', 'Abra' , '31/12/1959', MD5('Abra.Hubbard@outlook.fr:toto'), 'Abra.Hubbard@outlook.fr', '07 12 69 44 38','H');
INSERT INTO "client" (idclient, nomclient, prenomclient, datenaissanceclient, mdpclient, mailclient, telephoneclient, civiliteclient) VALUES (60,'Dominguez', 'Cathleen' , '04/07/1967', MD5('Cathleen.Dominguez@outlook.fr:toto'), 'Cathleen.Dominguez@outlook.fr', '07 49 11 59 96','H');
INSERT INTO "client" (idclient, nomclient, prenomclient, datenaissanceclient, mdpclient, mailclient, telephoneclient, civiliteclient) VALUES (61,'Ballard', 'Sacha' , '12/03/1962', MD5('Sacha.Ballard@outlook.fr:toto'), 'Sacha.Ballard@outlook.fr', '02 19 20 11 00','F');
INSERT INTO "client" (idclient, nomclient, prenomclient, datenaissanceclient, mdpclient, mailclient, telephoneclient, civiliteclient) VALUES (62,'Gilbert', 'Sage' , '27/07/1928', MD5('Sage.Gilbert@outlook.fr:toto'), 'Sage.Gilbert@outlook.fr', '08 77 15 76 95','F');
INSERT INTO "client" (idclient, nomclient, prenomclient, datenaissanceclient, mdpclient, mailclient, telephoneclient, civiliteclient) VALUES (63,'Guthrie', 'Idola' , '07/07/1924', MD5('Idola.Guthrie@outlook.fr:toto'), 'Idola.Guthrie@outlook.fr', '02 41 42 65 89','H');
INSERT INTO "client" (idclient, nomclient, prenomclient, datenaissanceclient, mdpclient, mailclient, telephoneclient, civiliteclient) VALUES (64,'Lowe', 'Hop' , '21/09/2015', MD5('Hop.Lowe@outlook.fr:toto'), 'Hop.Lowe@outlook.fr', '07 48 59 83 10','F');
INSERT INTO "client" (idclient, nomclient, prenomclient, datenaissanceclient, mdpclient, mailclient, telephoneclient, civiliteclient) VALUES (65,'Mcconnell', 'Byron' , '28/06/1947', MD5('Byron.Mcconnell@outlook.fr:toto'), 'Byron.Mcconnell@outlook.fr', '03 11 93 23 79','F');
INSERT INTO "client" (idclient, nomclient, prenomclient, datenaissanceclient, mdpclient, mailclient, telephoneclient, civiliteclient) VALUES (66,'Solis', 'Francis' , '23/08/1969', MD5('Francis.Solis@outlook.fr:toto'), 'Francis.Solis@outlook.fr', '05 55 35 14 64','F');
INSERT INTO "client" (idclient, nomclient, prenomclient, datenaissanceclient, mdpclient, mailclient, telephoneclient, civiliteclient) VALUES (67,'Rush', 'Ursula' , '19/10/1993', MD5('Ursula.Rush@outlook.fr:toto'), 'Ursula.Rush@outlook.fr', '04 03 52 41 15','F');
INSERT INTO "client" (idclient, nomclient, prenomclient, datenaissanceclient, mdpclient, mailclient, telephoneclient, civiliteclient) VALUES (68,'Zimmerman', 'Francis' , '15/12/2018', MD5('Francis.Zimmerman@outlook.fr:toto'), 'Francis.Zimmerman@outlook.fr', '07 30 87 68 79','F');
INSERT INTO "client" (idclient, nomclient, prenomclient, datenaissanceclient, mdpclient, mailclient, telephoneclient, civiliteclient) VALUES (69,'Burnett', 'Russell' , '17/05/1960', MD5('Russell.Burnett@outlook.fr:toto'), 'Russell.Burnett@outlook.fr', '06 56 07 90 23','F');
INSERT INTO "client" (idclient, nomclient, prenomclient, datenaissanceclient, mdpclient, mailclient, telephoneclient, civiliteclient) VALUES (70,'Dominguez', 'Martena' , '21/01/1982', MD5('Martena.Dominguez@outlook.fr:toto'), 'Martena.Dominguez@outlook.fr', '04 41 46 25 23','F');
INSERT INTO "client" (idclient, nomclient, prenomclient, datenaissanceclient, mdpclient, mailclient, telephoneclient, civiliteclient) VALUES (71,'Espinoza', 'Fletcher' , '13/04/2009', MD5('Fletcher.Espinoza@outlook.fr:toto'), 'Fletcher.Espinoza@outlook.fr', '02 94 34 85 33','H');
INSERT INTO "client" (idclient, nomclient, prenomclient, datenaissanceclient, mdpclient, mailclient, telephoneclient, civiliteclient) VALUES (72,'Dale', 'Jenette' , '04/06/1965', MD5('Jenette.Dale@outlook.fr:toto'), 'Jenette.Dale@outlook.fr', '06 22 46 33 15','F');
INSERT INTO "client" (idclient, nomclient, prenomclient, datenaissanceclient, mdpclient, mailclient, telephoneclient, civiliteclient) VALUES (73,'York', 'Irene' , '11/09/1937', MD5('Irene.York@outlook.fr:toto'), 'Irene.York@outlook.fr', '09 10 20 06 10','F');
INSERT INTO "client" (idclient, nomclient, prenomclient, datenaissanceclient, mdpclient, mailclient, telephoneclient, civiliteclient) VALUES (74,'Clark', 'Emery' , '03/09/1958', MD5('Emery.Clark@outlook.fr:toto'), 'Emery.Clark@outlook.fr', '06 39 96 46 27','H');
INSERT INTO "client" (idclient, nomclient, prenomclient, datenaissanceclient, mdpclient, mailclient, telephoneclient, civiliteclient) VALUES (75,'Shelton', 'Kelly' , '13/09/1962', MD5('Kelly.Shelton@outlook.fr:toto'), 'Kelly.Shelton@outlook.fr', '06 06 37 16 59','H');
INSERT INTO "client" (idclient, nomclient, prenomclient, datenaissanceclient, mdpclient, mailclient, telephoneclient, civiliteclient) VALUES (76,'Mcknight', 'Hamish' , '10/09/2002', MD5('Hamish.Mcknight@outlook.fr:toto'), 'Hamish.Mcknight@outlook.fr', '07 17 51 77 46','F');
INSERT INTO "client" (idclient, nomclient, prenomclient, datenaissanceclient, mdpclient, mailclient, telephoneclient, civiliteclient) VALUES (77,'Wilder', 'Olga' , '15/07/1961', MD5('Olga.Wilder@outlook.fr:toto'), 'Olga.Wilder@outlook.fr', '09 34 45 85 39','F');
INSERT INTO "client" (idclient, nomclient, prenomclient, datenaissanceclient, mdpclient, mailclient, telephoneclient, civiliteclient) VALUES (78,'Best', 'Felix' , '24/06/1997', MD5('Felix.Best@outlook.fr:toto'), 'Felix.Best@outlook.fr', '06 92 41 19 70','H');
INSERT INTO "client" (idclient, nomclient, prenomclient, datenaissanceclient, mdpclient, mailclient, telephoneclient, civiliteclient) VALUES (79,'Lancaster', 'Daniel' , '27/06/1967', MD5('Daniel.Lancaster@outlook.fr:toto'), 'Daniel.Lancaster@outlook.fr', '05 16 79 61 20','H');
INSERT INTO "client" (idclient, nomclient, prenomclient, datenaissanceclient, mdpclient, mailclient, telephoneclient, civiliteclient) VALUES (80,'Quinn', 'Lillith' , '12/06/1987', MD5('Lillith.Quinn@outlook.fr:toto'), 'Lillith.Quinn@outlook.fr', '08 91 31 96 92','F');
INSERT INTO "client" (idclient, nomclient, prenomclient, datenaissanceclient, mdpclient, mailclient, telephoneclient, civiliteclient) VALUES (81,'May', 'Ahmed' , '10/08/1982', MD5('Ahmed.May@outlook.fr:toto'), 'Ahmed.May@outlook.fr', '05 01 31 24 22','H');
INSERT INTO "client" (idclient, nomclient, prenomclient, datenaissanceclient, mdpclient, mailclient, telephoneclient, civiliteclient) VALUES (82,'Pitts', 'Nina' , '11/08/2016', MD5('Nina.Pitts@outlook.fr:toto'), 'Nina.Pitts@outlook.fr', '07 03 01 29 37','H');
INSERT INTO "client" (idclient, nomclient, prenomclient, datenaissanceclient, mdpclient, mailclient, telephoneclient, civiliteclient) VALUES (83,'Stevens', 'Ella' , '04/07/1929', MD5('Ella.Stevens@outlook.fr:toto'), 'Ella.Stevens@outlook.fr', '01 81 31 36 89','F');
INSERT INTO "client" (idclient, nomclient, prenomclient, datenaissanceclient, mdpclient, mailclient, telephoneclient, civiliteclient) VALUES (84,'Curtis', 'Ariana' , '09/05/1940', MD5('Ariana.Curtis@outlook.fr:toto'), 'Ariana.Curtis@outlook.fr', '09 82 11 54 25','F');
INSERT INTO "client" (idclient, nomclient, prenomclient, datenaissanceclient, mdpclient, mailclient, telephoneclient, civiliteclient) VALUES (85,'Reese', 'Astra' , '12/03/1967', MD5('Astra.Reese@outlook.fr:toto'), 'Astra.Reese@outlook.fr', '01 40 87 55 29','H');
INSERT INTO "client" (idclient, nomclient, prenomclient, datenaissanceclient, mdpclient, mailclient, telephoneclient, civiliteclient) VALUES (86,'Finley', 'Nathan' , '29/09/1951', MD5('Nathan.Finley@outlook.fr:toto'), 'Nathan.Finley@outlook.fr', '07 35 59 98 16','F');
INSERT INTO "client" (idclient, nomclient, prenomclient, datenaissanceclient, mdpclient, mailclient, telephoneclient, civiliteclient) VALUES (87,'Kennedy', 'Kylynn' , '27/07/2010', MD5('Kylynn.Kennedy@outlook.fr:toto'), 'Kylynn.Kennedy@outlook.fr', '07 76 53 20 97','H');
INSERT INTO "client" (idclient, nomclient, prenomclient, datenaissanceclient, mdpclient, mailclient, telephoneclient, civiliteclient) VALUES (88,'David', 'Keane' , '28/06/1988', MD5('Keane.David@outlook.fr:toto'), 'Keane.David@outlook.fr', '06 91 32 60 44','F');
INSERT INTO "client" (idclient, nomclient, prenomclient, datenaissanceclient, mdpclient, mailclient, telephoneclient, civiliteclient) VALUES (89,'Herring', 'Giacomo' , '14/02/2015', MD5('Giacomo.Herring@outlook.fr:toto'), 'Giacomo.Herring@outlook.fr', '02 08 03 34 98','H');
INSERT INTO "client" (idclient, nomclient, prenomclient, datenaissanceclient, mdpclient, mailclient, telephoneclient, civiliteclient) VALUES (90,'Bishop', 'Emerson' , '18/05/1926', MD5('Emerson.Bishop@outlook.fr:toto'), 'Emerson.Bishop@outlook.fr', '07 65 20 49 18','F');
INSERT INTO "client" (idclient, nomclient, prenomclient, datenaissanceclient, mdpclient, mailclient, telephoneclient, civiliteclient) VALUES (91,'Bonner', 'Willow' , '09/04/1971', MD5('Willow.Bonner@outlook.fr:toto'), 'Willow.Bonner@outlook.fr', '08 32 53 88 92','F');
INSERT INTO "client" (idclient, nomclient, prenomclient, datenaissanceclient, mdpclient, mailclient, telephoneclient, civiliteclient) VALUES (92,'Cross', 'Gail' , '17/04/1967', MD5('Gail.Cross@outlook.fr:toto'), 'Gail.Cross@outlook.fr', '08 65 86 05 82','F');
INSERT INTO "client" (idclient, nomclient, prenomclient, datenaissanceclient, mdpclient, mailclient, telephoneclient, civiliteclient) VALUES (93,'Alford', 'Kareem' , '08/09/1946', MD5('Kareem.Alford@outlook.fr:toto'), 'Kareem.Alford@outlook.fr', '06 30 16 51 72','H');
INSERT INTO "client" (idclient, nomclient, prenomclient, datenaissanceclient, mdpclient, mailclient, telephoneclient, civiliteclient) VALUES (94,'Franks', 'Aladdin' , '22/10/1957', MD5('Aladdin.Franks@outlook.fr:toto'), 'Aladdin.Franks@outlook.fr', '06 11 60 83 29','H');
INSERT INTO "client" (idclient, nomclient, prenomclient, datenaissanceclient, mdpclient, mailclient, telephoneclient, civiliteclient) VALUES (95,'Ingram', 'Danielle' , '03/03/1980', MD5('Danielle.Ingram@outlook.fr:toto'), 'Danielle.Ingram@outlook.fr', '06 68 43 80 83','F');
INSERT INTO "client" (idclient, nomclient, prenomclient, datenaissanceclient, mdpclient, mailclient, telephoneclient, civiliteclient) VALUES (96,'Anderson', 'Stella' , '03/01/1950', MD5('Stella.Anderson@outlook.fr:toto'), 'Stella.Anderson@outlook.fr', '01 25 28 98 95','F');
INSERT INTO "client" (idclient, nomclient, prenomclient, datenaissanceclient, mdpclient, mailclient, telephoneclient, civiliteclient) VALUES (97,'Ball', 'Megan' , '16/04/1945', MD5('Megan.Ball@outlook.fr:toto'), 'Megan.Ball@outlook.fr', '08 13 17 76 71','F');
INSERT INTO "client" (idclient, nomclient, prenomclient, datenaissanceclient, mdpclient, mailclient, telephoneclient, civiliteclient) VALUES (98,'Brewer', 'Doris' , '22/08/1920', MD5('Doris.Brewer@outlook.fr:toto'), 'Doris.Brewer@outlook.fr', '03 47 58 11 60','H');
INSERT INTO "client" (idclient, nomclient, prenomclient, datenaissanceclient, mdpclient, mailclient, telephoneclient, civiliteclient) VALUES (99,'Cross', 'Francesca' , '19/02/1988', MD5('Francesca.Cross@outlook.fr:toto'), 'Francesca.Cross@outlook.fr', '01 97 65 93 62','H');
INSERT INTO "client" (idclient, nomclient, prenomclient, datenaissanceclient, mdpclient, mailclient, telephoneclient, civiliteclient) VALUES (100,'Rollins', 'August' , '28/03/1964', MD5('August.Rollins@outlook.fr:toto'), 'August.Rollins@outlook.fr', '02 88 77 16 06','H');

/* Insertion table ADRESSE */
INSERT INTO "adresse" (idadresse, idclient, numeroadresse, rueadresse, villeadresse, paysadresse, cpadresse) VALUES (1,1,26,'Ac Impasse','Cherbourg-Octeville','France','53517');
INSERT INTO "adresse" (idadresse, idclient, numeroadresse, rueadresse, villeadresse, paysadresse, cpadresse) VALUES (2,2,72,'Sed Avenue','Saint-Sébastien-sur-Loire','France','26428');
INSERT INTO "adresse" (idadresse, idclient, numeroadresse, rueadresse, villeadresse, paysadresse, cpadresse) VALUES (3,3,52,'Ave','Brest','France','17856');
INSERT INTO "adresse" (idadresse, idclient, numeroadresse, rueadresse, villeadresse, paysadresse, cpadresse) VALUES (4,4,11,'Ante. Ave','Moulins','France','46136');
INSERT INTO "adresse" (idadresse, idclient, numeroadresse, rueadresse, villeadresse, paysadresse, cpadresse) VALUES (5,5,86,'Morbi Rd.','Dijon','France','67649');
INSERT INTO "adresse" (idadresse, idclient, numeroadresse, rueadresse, villeadresse, paysadresse, cpadresse) VALUES (6,6,81,'Tortor. Chemin','Saint-Louis','France','80629');
INSERT INTO "adresse" (idadresse, idclient, numeroadresse, rueadresse, villeadresse, paysadresse, cpadresse) VALUES (7,7,40,'Semper Rue','Sotteville-lès-Rouen','France','78394');
INSERT INTO "adresse" (idadresse, idclient, numeroadresse, rueadresse, villeadresse, paysadresse, cpadresse) VALUES (8,8,10,'Dignissim. Rd.','Creil','France','35027');
INSERT INTO "adresse" (idadresse, idclient, numeroadresse, rueadresse, villeadresse, paysadresse, cpadresse) VALUES (9,9,33,'Arcu. Ave','Vierzon','France','99770');
INSERT INTO "adresse" (idadresse, idclient, numeroadresse, rueadresse, villeadresse, paysadresse, cpadresse) VALUES (10,10,12,'In Ave','Lanester','France','87034');
INSERT INTO "adresse" (idadresse, idclient, numeroadresse, rueadresse, villeadresse, paysadresse, cpadresse) VALUES (11,11,32,'Est Avenue','Strasbourg','France','61633');
INSERT INTO "adresse" (idadresse, idclient, numeroadresse, rueadresse, villeadresse, paysadresse, cpadresse) VALUES (12,12,24,'Mi Chemin','Saint-Dié-des-Vosges','France','4886');
INSERT INTO "adresse" (idadresse, idclient, numeroadresse, rueadresse, villeadresse, paysadresse, cpadresse) VALUES (13,13,19,'Pede. Avenue','Rennes','France','52775');
INSERT INTO "adresse" (idadresse, idclient, numeroadresse, rueadresse, villeadresse, paysadresse, cpadresse) VALUES (14,14,95,'Ipsum Rue','Joué-lès-Tours','France','59091');
INSERT INTO "adresse" (idadresse, idclient, numeroadresse, rueadresse, villeadresse, paysadresse, cpadresse) VALUES (15,15,2,'Diam Ave','Bastia','France','58288');
INSERT INTO "adresse" (idadresse, idclient, numeroadresse, rueadresse, villeadresse, paysadresse, cpadresse) VALUES (16,16,82,'Nec Ave','Saintes','France','98647');
INSERT INTO "adresse" (idadresse, idclient, numeroadresse, rueadresse, villeadresse, paysadresse, cpadresse) VALUES (17,17,48,'Adipiscing Chemin','Montluçon','France','55651');
INSERT INTO "adresse" (idadresse, idclient, numeroadresse, rueadresse, villeadresse, paysadresse, cpadresse) VALUES (18,18,85,'Magna, Ave','Martigues','France','71788');
INSERT INTO "adresse" (idadresse, idclient, numeroadresse, rueadresse, villeadresse, paysadresse, cpadresse) VALUES (19,19,94,'Phasellus Impasse','Périgueux','France','71925');
INSERT INTO "adresse" (idadresse, idclient, numeroadresse, rueadresse, villeadresse, paysadresse, cpadresse) VALUES (20,20,14,'Mattis Chemin','Narbonne','France','81077');
INSERT INTO "adresse" (idadresse, idclient, numeroadresse, rueadresse, villeadresse, paysadresse, cpadresse) VALUES (21,21,39,'In Avenue','Saint-Lô','France','34113');
INSERT INTO "adresse" (idadresse, idclient, numeroadresse, rueadresse, villeadresse, paysadresse, cpadresse) VALUES (22,22,61,'Facilisis Chemin','Bordeaux','France','79089');
INSERT INTO "adresse" (idadresse, idclient, numeroadresse, rueadresse, villeadresse, paysadresse, cpadresse) VALUES (23,23,45,'Nulla Avenue','Dreux','France','50607');
INSERT INTO "adresse" (idadresse, idclient, numeroadresse, rueadresse, villeadresse, paysadresse, cpadresse) VALUES (24,24,13,'Tempor Rue','Angoulême','France','70474');
INSERT INTO "adresse" (idadresse, idclient, numeroadresse, rueadresse, villeadresse, paysadresse, cpadresse) VALUES (25,25,88,'Pellentesque Rd.','Blois','France','65126');
INSERT INTO "adresse" (idadresse, idclient, numeroadresse, rueadresse, villeadresse, paysadresse, cpadresse) VALUES (26,26,60,'Imperdiet Ave','Orléans','France','35344');
INSERT INTO "adresse" (idadresse, idclient, numeroadresse, rueadresse, villeadresse, paysadresse, cpadresse) VALUES (27,27,6,'At Route','Calais','France','38494');
INSERT INTO "adresse" (idadresse, idclient, numeroadresse, rueadresse, villeadresse, paysadresse, cpadresse) VALUES (28,28,35,'Pellentesque Avenue','Châteauroux','France','28058');
INSERT INTO "adresse" (idadresse, idclient, numeroadresse, rueadresse, villeadresse, paysadresse, cpadresse) VALUES (29,29,56,'Aliquam Ave','Sens','France','98990');
INSERT INTO "adresse" (idadresse, idclient, numeroadresse, rueadresse, villeadresse, paysadresse, cpadresse) VALUES (30,30,37,'Integer Rue','Nevers','France','16090');
INSERT INTO "adresse" (idadresse, idclient, numeroadresse, rueadresse, villeadresse, paysadresse, cpadresse) VALUES (31,31,8,'Quis Route','Nevers','France','26785');
INSERT INTO "adresse" (idadresse, idclient, numeroadresse, rueadresse, villeadresse, paysadresse, cpadresse) VALUES (32,32,26,'Congue. Ave','Haguenau','France','46740');
INSERT INTO "adresse" (idadresse, idclient, numeroadresse, rueadresse, villeadresse, paysadresse, cpadresse) VALUES (33,33,82,'Tincidunt Av.','Joué-lès-Tours','France','32532');
INSERT INTO "adresse" (idadresse, idclient, numeroadresse, rueadresse, villeadresse, paysadresse, cpadresse) VALUES (34,34,42,'Est Rue','Mulhouse','France','66127');
INSERT INTO "adresse" (idadresse, idclient, numeroadresse, rueadresse, villeadresse, paysadresse, cpadresse) VALUES (35,35,39,'Nulla. Rue','Niort','France','38785');
INSERT INTO "adresse" (idadresse, idclient, numeroadresse, rueadresse, villeadresse, paysadresse, cpadresse) VALUES (36,36,6,'Praesent Rd.','Amiens','France','45647');
INSERT INTO "adresse" (idadresse, idclient, numeroadresse, rueadresse, villeadresse, paysadresse, cpadresse) VALUES (37,37,68,'Eu Impasse','Brest','France','4620');
INSERT INTO "adresse" (idadresse, idclient, numeroadresse, rueadresse, villeadresse, paysadresse, cpadresse) VALUES (38,38,91,'Sapien Route','Creil','France','2456');
INSERT INTO "adresse" (idadresse, idclient, numeroadresse, rueadresse, villeadresse, paysadresse, cpadresse) VALUES (39,39,72,'Tincidunt Avenue','Rennes','France','94347');
INSERT INTO "adresse" (idadresse, idclient, numeroadresse, rueadresse, villeadresse, paysadresse, cpadresse) VALUES (40,40,88,'Malesuada. Ave','Vierzon','France','8706');
INSERT INTO "adresse" (idadresse, idclient, numeroadresse, rueadresse, villeadresse, paysadresse, cpadresse) VALUES (41,41,89,'Morbi Impasse','Clermont-Ferrand','France','85409');
INSERT INTO "adresse" (idadresse, idclient, numeroadresse, rueadresse, villeadresse, paysadresse, cpadresse) VALUES (42,42,17,'Gravida Ave','Rennes','France','28441');
INSERT INTO "adresse" (idadresse, idclient, numeroadresse, rueadresse, villeadresse, paysadresse, cpadresse) VALUES (43,43,54,'Id Av.','Charleville-Mézières','France','62140');
INSERT INTO "adresse" (idadresse, idclient, numeroadresse, rueadresse, villeadresse, paysadresse, cpadresse) VALUES (44,44,22,'Scelerisque Rue','Bastia','France','30629');
INSERT INTO "adresse" (idadresse, idclient, numeroadresse, rueadresse, villeadresse, paysadresse, cpadresse) VALUES (45,45,61,'Et Route','Dole','France','79167');
INSERT INTO "adresse" (idadresse, idclient, numeroadresse, rueadresse, villeadresse, paysadresse, cpadresse) VALUES (46,46,63,'Vitae Rd.','Laval','France','69552');
INSERT INTO "adresse" (idadresse, idclient, numeroadresse, rueadresse, villeadresse, paysadresse, cpadresse) VALUES (47,47,94,'Amet Rue','Carcassonne','France','84054');
INSERT INTO "adresse" (idadresse, idclient, numeroadresse, rueadresse, villeadresse, paysadresse, cpadresse) VALUES (48,48,30,'Vulputate, Impasse','Nancy','France','36550');
INSERT INTO "adresse" (idadresse, idclient, numeroadresse, rueadresse, villeadresse, paysadresse, cpadresse) VALUES (49,49,94,'Ornare Avenue','Brive-la-Gaillarde','France','70868');
INSERT INTO "adresse" (idadresse, idclient, numeroadresse, rueadresse, villeadresse, paysadresse, cpadresse) VALUES (50,50,88,'Libero Ave','Abbeville','France','74242');
INSERT INTO "adresse" (idadresse, idclient, numeroadresse, rueadresse, villeadresse, paysadresse, cpadresse) VALUES (51,51,79,'At Av.','Montauban','France','35567');
INSERT INTO "adresse" (idadresse, idclient, numeroadresse, rueadresse, villeadresse, paysadresse, cpadresse) VALUES (52,52,72,'Vitae Route','Metz','France','12978');
INSERT INTO "adresse" (idadresse, idclient, numeroadresse, rueadresse, villeadresse, paysadresse, cpadresse) VALUES (53,53,93,'Purus Route','Brive-la-Gaillarde','France','69631');
INSERT INTO "adresse" (idadresse, idclient, numeroadresse, rueadresse, villeadresse, paysadresse, cpadresse) VALUES (54,54,12,'Cras Chemin','Caen','France','83177');
INSERT INTO "adresse" (idadresse, idclient, numeroadresse, rueadresse, villeadresse, paysadresse, cpadresse) VALUES (55,55,60,'Id, Av.','Montbéliard','France','52878');
INSERT INTO "adresse" (idadresse, idclient, numeroadresse, rueadresse, villeadresse, paysadresse, cpadresse) VALUES (56,56,20,'Ac Chemin','Tarbes','France','96088');
INSERT INTO "adresse" (idadresse, idclient, numeroadresse, rueadresse, villeadresse, paysadresse, cpadresse) VALUES (57,57,85,'Consectetuer Route','Dijon','France','23634');
INSERT INTO "adresse" (idadresse, idclient, numeroadresse, rueadresse, villeadresse, paysadresse, cpadresse) VALUES (58,58,85,'Non, Chemin','Ajaccio','France','54815');
INSERT INTO "adresse" (idadresse, idclient, numeroadresse, rueadresse, villeadresse, paysadresse, cpadresse) VALUES (59,59,5,'Interdum Avenue','Limoges','France','50966');
INSERT INTO "adresse" (idadresse, idclient, numeroadresse, rueadresse, villeadresse, paysadresse, cpadresse) VALUES (60,60,38,'Gravida Impasse','Hérouville-Saint-Clair','France','87742');
INSERT INTO "adresse" (idadresse, idclient, numeroadresse, rueadresse, villeadresse, paysadresse, cpadresse) VALUES (61,61,77,'Scelerisque Chemin','Épernay','France','13381');
INSERT INTO "adresse" (idadresse, idclient, numeroadresse, rueadresse, villeadresse, paysadresse, cpadresse) VALUES (62,62,81,'Pellentesque Impasse','Le Cannet','France','55191');
INSERT INTO "adresse" (idadresse, idclient, numeroadresse, rueadresse, villeadresse, paysadresse, cpadresse) VALUES (63,63,36,'Pretium Route','Nantes','France','68191');
INSERT INTO "adresse" (idadresse, idclient, numeroadresse, rueadresse, villeadresse, paysadresse, cpadresse) VALUES (64,64,77,'Magnis Rd.','Troyes','France','36857');
INSERT INTO "adresse" (idadresse, idclient, numeroadresse, rueadresse, villeadresse, paysadresse, cpadresse) VALUES (65,65,76,'Quam Chemin','Cannes','France','50653');
INSERT INTO "adresse" (idadresse, idclient, numeroadresse, rueadresse, villeadresse, paysadresse, cpadresse) VALUES (66,66,13,'Nunc Av.','Besançon','France','19233');
INSERT INTO "adresse" (idadresse, idclient, numeroadresse, rueadresse, villeadresse, paysadresse, cpadresse) VALUES (67,67,66,'Amet, Av.','Soissons','France','43411');
INSERT INTO "adresse" (idadresse, idclient, numeroadresse, rueadresse, villeadresse, paysadresse, cpadresse) VALUES (68,68,58,'Dui. Route','La Rochelle','France','30963');
INSERT INTO "adresse" (idadresse, idclient, numeroadresse, rueadresse, villeadresse, paysadresse, cpadresse) VALUES (69,69,64,'Hendrerit Rd.','Mont-de-Marsan','France','70765');
INSERT INTO "adresse" (idadresse, idclient, numeroadresse, rueadresse, villeadresse, paysadresse, cpadresse) VALUES (70,70,10,'In Rd.','Angers','France','311');
INSERT INTO "adresse" (idadresse, idclient, numeroadresse, rueadresse, villeadresse, paysadresse, cpadresse) VALUES (71,71,92,'Nulla Impasse','Saint-Brieuc','France','70178');
INSERT INTO "adresse" (idadresse, idclient, numeroadresse, rueadresse, villeadresse, paysadresse, cpadresse) VALUES (72,72,5,'Rutrum, Avenue','Mérignac','France','62335');
INSERT INTO "adresse" (idadresse, idclient, numeroadresse, rueadresse, villeadresse, paysadresse, cpadresse) VALUES (73,73,11,'Elit, Impasse','Chalon-sur-Saône','France','10383');
INSERT INTO "adresse" (idadresse, idclient, numeroadresse, rueadresse, villeadresse, paysadresse, cpadresse) VALUES (74,74,82,'Id, Route','Joué-lès-Tours','France','40999');
INSERT INTO "adresse" (idadresse, idclient, numeroadresse, rueadresse, villeadresse, paysadresse, cpadresse) VALUES (75,75,92,'At Ave','Villenave-d''Ornon','France','49013');
INSERT INTO "adresse" (idadresse, idclient, numeroadresse, rueadresse, villeadresse, paysadresse, cpadresse) VALUES (76,76,49,'Integer Rue','Lorient','France','73106');
INSERT INTO "adresse" (idadresse, idclient, numeroadresse, rueadresse, villeadresse, paysadresse, cpadresse) VALUES (77,77,80,'Sed Route','Laon','France','24049');
INSERT INTO "adresse" (idadresse, idclient, numeroadresse, rueadresse, villeadresse, paysadresse, cpadresse) VALUES (78,78,56,'Vitae Impasse','Le Grand-Quevilly','France','72548');
INSERT INTO "adresse" (idadresse, idclient, numeroadresse, rueadresse, villeadresse, paysadresse, cpadresse) VALUES (79,79,83,'Dis Ave','Anglet','France','83735');
INSERT INTO "adresse" (idadresse, idclient, numeroadresse, rueadresse, villeadresse, paysadresse, cpadresse) VALUES (80,80,39,'Ridiculus Av.','Châlons-en-Champagne','France','30650');
INSERT INTO "adresse" (idadresse, idclient, numeroadresse, rueadresse, villeadresse, paysadresse, cpadresse) VALUES (81,81,32,'Vestibulum, Chemin','Strasbourg','France','31570');
INSERT INTO "adresse" (idadresse, idclient, numeroadresse, rueadresse, villeadresse, paysadresse, cpadresse) VALUES (82,82,43,'Sed Route','Sarreguemines','France','73436');
INSERT INTO "adresse" (idadresse, idclient, numeroadresse, rueadresse, villeadresse, paysadresse, cpadresse) VALUES (83,83,40,'Vestibulum. Route','Poitiers','France','48231');
INSERT INTO "adresse" (idadresse, idclient, numeroadresse, rueadresse, villeadresse, paysadresse, cpadresse) VALUES (84,84,45,'Erat Chemin','Joué-lès-Tours','France','70711');
INSERT INTO "adresse" (idadresse, idclient, numeroadresse, rueadresse, villeadresse, paysadresse, cpadresse) VALUES (85,85,62,'Dictum Rd.','Saint-Dié-des-Vosges','France','83077');
INSERT INTO "adresse" (idadresse, idclient, numeroadresse, rueadresse, villeadresse, paysadresse, cpadresse) VALUES (86,86,41,'Leo Rd.','Strasbourg','France','88218');
INSERT INTO "adresse" (idadresse, idclient, numeroadresse, rueadresse, villeadresse, paysadresse, cpadresse) VALUES (87,87,18,'Mollis. Rue','Limoges','France','38002');
INSERT INTO "adresse" (idadresse, idclient, numeroadresse, rueadresse, villeadresse, paysadresse, cpadresse) VALUES (88,88,14,'Auctor. Av.','Le Puy-en-Velay','France','99928');
INSERT INTO "adresse" (idadresse, idclient, numeroadresse, rueadresse, villeadresse, paysadresse, cpadresse) VALUES (89,89,76,'Vitae Route','Toulouse','France','48795');
INSERT INTO "adresse" (idadresse, idclient, numeroadresse, rueadresse, villeadresse, paysadresse, cpadresse) VALUES (90,90,6,'Nunc Impasse','Pontarlier','France','7697');
INSERT INTO "adresse" (idadresse, idclient, numeroadresse, rueadresse, villeadresse, paysadresse, cpadresse) VALUES (91,91,49,'Curabitur Rue','Noisy-le-Grand','France','2501');
INSERT INTO "adresse" (idadresse, idclient, numeroadresse, rueadresse, villeadresse, paysadresse, cpadresse) VALUES (92,92,44,'In Ave','Dreux','France','3116');
INSERT INTO "adresse" (idadresse, idclient, numeroadresse, rueadresse, villeadresse, paysadresse, cpadresse) VALUES (93,93,51,'Ut Chemin','Saint-Louis','France','41744');
INSERT INTO "adresse" (idadresse, idclient, numeroadresse, rueadresse, villeadresse, paysadresse, cpadresse) VALUES (94,94,48,'Augue Ave','Besançon','France','24056');
INSERT INTO "adresse" (idadresse, idclient, numeroadresse, rueadresse, villeadresse, paysadresse, cpadresse) VALUES (95,95,71,'Sem Rd.','Chalon-sur-Saône','France','62237');
INSERT INTO "adresse" (idadresse, idclient, numeroadresse, rueadresse, villeadresse, paysadresse, cpadresse) VALUES (96,96,95,'Et Av.','Vandoeuvre-lès-Nancy','France','97008');
INSERT INTO "adresse" (idadresse, idclient, numeroadresse, rueadresse, villeadresse, paysadresse, cpadresse) VALUES (97,97,70,'Egestas Avenue','Cannes','France','71105');
INSERT INTO "adresse" (idadresse, idclient, numeroadresse, rueadresse, villeadresse, paysadresse, cpadresse) VALUES (98,98,44,'Nisi Rd.','Courbevoie','France','88485');
INSERT INTO "adresse" (idadresse, idclient, numeroadresse, rueadresse, villeadresse, paysadresse, cpadresse) VALUES (99,99,57,'Ante Rue','Vernon','France','40672');
INSERT INTO "adresse" (idadresse, idclient, numeroadresse, rueadresse, villeadresse, paysadresse, cpadresse) VALUES (100,100,49,'Nulla. Chemin','Lorient','France','84855');

/* Insertion table CARTEBANCAIRE */
INSERT INTO "cartebancaire" (idcarte,idclient,numerocarte,expirationcarte,cryptocarte,titulairecarte) VALUES (1,1,'4556645454659782','04/01/2044','518','Cassidy Bowers');
INSERT INTO "cartebancaire" (idcarte,idclient,numerocarte,expirationcarte,cryptocarte,titulairecarte) VALUES (2,2,'4539040237510522','25/01/2045','530','Patrick Olson');
INSERT INTO "cartebancaire" (idcarte,idclient,numerocarte,expirationcarte,cryptocarte,titulairecarte) VALUES (3,3,'4929592752036539','15/02/2027','292','Christopher Hopkins');
INSERT INTO "cartebancaire" (idcarte,idclient,numerocarte,expirationcarte,cryptocarte,titulairecarte) VALUES (4,4,'4485828733864','02/10/2025','856','Leo Savage');
INSERT INTO "cartebancaire" (idcarte,idclient,numerocarte,expirationcarte,cryptocarte,titulairecarte) VALUES (5,5,'4532142888168878','15/05/2038','519','Jorden Taylor');
INSERT INTO "cartebancaire" (idcarte,idclient,numerocarte,expirationcarte,cryptocarte,titulairecarte) VALUES (6,6,'4024007188078330','27/12/2023','620','Fulton Bond');
INSERT INTO "cartebancaire" (idcarte,idclient,numerocarte,expirationcarte,cryptocarte,titulairecarte) VALUES (7,7,'4916189670709','25/11/2039','149','Baxter Terrell');
INSERT INTO "cartebancaire" (idcarte,idclient,numerocarte,expirationcarte,cryptocarte,titulairecarte) VALUES (8,8,'4556543233702827','14/05/2037','889','Wynne Strickland');
INSERT INTO "cartebancaire" (idcarte,idclient,numerocarte,expirationcarte,cryptocarte,titulairecarte) VALUES (9,9,'4485623176731','10/09/2030','283','Leroy Foster');
INSERT INTO "cartebancaire" (idcarte,idclient,numerocarte,expirationcarte,cryptocarte,titulairecarte) VALUES (10,10,'4556715665173830','11/07/2024','859','Libby Clemons');
INSERT INTO "cartebancaire" (idcarte,idclient,numerocarte,expirationcarte,cryptocarte,titulairecarte) VALUES (11,11,'4024007163310070','18/08/2030','277','Luke Underwood');
INSERT INTO "cartebancaire" (idcarte,idclient,numerocarte,expirationcarte,cryptocarte,titulairecarte) VALUES (12,12,'4539754662719','12/10/2039','398','Kelsey Blevins');
INSERT INTO "cartebancaire" (idcarte,idclient,numerocarte,expirationcarte,cryptocarte,titulairecarte) VALUES (13,13,'4485103524152','30/03/2043','635','Fritz Tyler');
INSERT INTO "cartebancaire" (idcarte,idclient,numerocarte,expirationcarte,cryptocarte,titulairecarte) VALUES (14,14,'4122523154605','10/11/2037','655','Orli Dodson');
INSERT INTO "cartebancaire" (idcarte,idclient,numerocarte,expirationcarte,cryptocarte,titulairecarte) VALUES (15,15,'4539637820450','16/10/2035','558','Cameron Murray');
INSERT INTO "cartebancaire" (idcarte,idclient,numerocarte,expirationcarte,cryptocarte,titulairecarte) VALUES (16,16,'4369427072162987','08/03/2036','342','Kim Mcmahon');
INSERT INTO "cartebancaire" (idcarte,idclient,numerocarte,expirationcarte,cryptocarte,titulairecarte) VALUES (17,17,'4716506452202099','27/10/2041','528','Kimberly Short');
INSERT INTO "cartebancaire" (idcarte,idclient,numerocarte,expirationcarte,cryptocarte,titulairecarte) VALUES (18,18,'4916060905778','27/09/2024','978','Ann Nixon');
INSERT INTO "cartebancaire" (idcarte,idclient,numerocarte,expirationcarte,cryptocarte,titulairecarte) VALUES (19,19,'4532732393925265','10/02/2034','349','Dolan Sullivan');
INSERT INTO "cartebancaire" (idcarte,idclient,numerocarte,expirationcarte,cryptocarte,titulairecarte) VALUES (20,20,'4532833119645','26/08/2022','718','Kalia Dalton');
INSERT INTO "cartebancaire" (idcarte,idclient,numerocarte,expirationcarte,cryptocarte,titulairecarte) VALUES (21,21,'4916917681036','23/08/2040','701','Vera Mcgowan');
INSERT INTO "cartebancaire" (idcarte,idclient,numerocarte,expirationcarte,cryptocarte,titulairecarte) VALUES (22,22,'4539858979126','23/03/2033','443','Cara Waller');
INSERT INTO "cartebancaire" (idcarte,idclient,numerocarte,expirationcarte,cryptocarte,titulairecarte) VALUES (23,23,'4916843563720','03/02/2023','752','Murphy Strong');
INSERT INTO "cartebancaire" (idcarte,idclient,numerocarte,expirationcarte,cryptocarte,titulairecarte) VALUES (24,24,'4716194834570275','07/03/2024','469','Emerson Cooley');
INSERT INTO "cartebancaire" (idcarte,idclient,numerocarte,expirationcarte,cryptocarte,titulairecarte) VALUES (25,25,'4916928804682125','09/02/2023','943','Kaden Oliver');
INSERT INTO "cartebancaire" (idcarte,idclient,numerocarte,expirationcarte,cryptocarte,titulairecarte) VALUES (26,26,'4024007159612828','20/02/2040','206','Hector Holland');
INSERT INTO "cartebancaire" (idcarte,idclient,numerocarte,expirationcarte,cryptocarte,titulairecarte) VALUES (27,27,'4929193110765198','30/05/2021','247','Stacey Terrell');
INSERT INTO "cartebancaire" (idcarte,idclient,numerocarte,expirationcarte,cryptocarte,titulairecarte) VALUES (28,28,'4556752536984','11/09/2022','726','Lars Franks');
INSERT INTO "cartebancaire" (idcarte,idclient,numerocarte,expirationcarte,cryptocarte,titulairecarte) VALUES (29,29,'4539367889252958','08/07/2022','396','Nehru Hodge');
INSERT INTO "cartebancaire" (idcarte,idclient,numerocarte,expirationcarte,cryptocarte,titulairecarte) VALUES (30,30,'4916380671577774','12/01/2029','602','Colorado Clemons');
INSERT INTO "cartebancaire" (idcarte,idclient,numerocarte,expirationcarte,cryptocarte,titulairecarte) VALUES (31,31,'4024007163677429','15/02/2029','684','Isaac Hamilton');
INSERT INTO "cartebancaire" (idcarte,idclient,numerocarte,expirationcarte,cryptocarte,titulairecarte) VALUES (32,32,'4822453150636','02/01/2039','892','Casey Cobb');
INSERT INTO "cartebancaire" (idcarte,idclient,numerocarte,expirationcarte,cryptocarte,titulairecarte) VALUES (33,33,'4916365905184','23/02/2023','296','Acton Cunningham');
INSERT INTO "cartebancaire" (idcarte,idclient,numerocarte,expirationcarte,cryptocarte,titulairecarte) VALUES (34,34,'4485299197037','11/07/2021','610','Mia Decker');
INSERT INTO "cartebancaire" (idcarte,idclient,numerocarte,expirationcarte,cryptocarte,titulairecarte) VALUES (35,35,'4532549389896791','03/04/2021','757','Elton Avila');
INSERT INTO "cartebancaire" (idcarte,idclient,numerocarte,expirationcarte,cryptocarte,titulairecarte) VALUES (36,36,'4539967721421321','01/02/2031','219','Jorden Koch');
INSERT INTO "cartebancaire" (idcarte,idclient,numerocarte,expirationcarte,cryptocarte,titulairecarte) VALUES (37,37,'4539743891205','17/11/2024','117','Nero Porter');
INSERT INTO "cartebancaire" (idcarte,idclient,numerocarte,expirationcarte,cryptocarte,titulairecarte) VALUES (38,38,'4893008415915','22/05/2039','804','Alden Thomas');
INSERT INTO "cartebancaire" (idcarte,idclient,numerocarte,expirationcarte,cryptocarte,titulairecarte) VALUES (39,39,'4539298930555265','04/06/2027','482','Olympia Hewitt');
INSERT INTO "cartebancaire" (idcarte,idclient,numerocarte,expirationcarte,cryptocarte,titulairecarte) VALUES (40,40,'4485463438126','19/02/2021','936','Amber Sanford');
INSERT INTO "cartebancaire" (idcarte,idclient,numerocarte,expirationcarte,cryptocarte,titulairecarte) VALUES (41,41,'4556570699923','25/08/2021','152','Kylan Fry');
INSERT INTO "cartebancaire" (idcarte,idclient,numerocarte,expirationcarte,cryptocarte,titulairecarte) VALUES (42,42,'4556295540253','11/12/2026','246','Jeanette Sheppard');
INSERT INTO "cartebancaire" (idcarte,idclient,numerocarte,expirationcarte,cryptocarte,titulairecarte) VALUES (43,43,'4556905947950325','30/09/2043','379','Jacqueline Brown');
INSERT INTO "cartebancaire" (idcarte,idclient,numerocarte,expirationcarte,cryptocarte,titulairecarte) VALUES (44,44,'4532646987805271','24/01/2028','588','Chester Roth');
INSERT INTO "cartebancaire" (idcarte,idclient,numerocarte,expirationcarte,cryptocarte,titulairecarte) VALUES (45,45,'4485079257811','17/02/2027','638','Linda Knight');
INSERT INTO "cartebancaire" (idcarte,idclient,numerocarte,expirationcarte,cryptocarte,titulairecarte) VALUES (46,46,'4539870423660933','11/03/2028','303','Kaseem Barnes');
INSERT INTO "cartebancaire" (idcarte,idclient,numerocarte,expirationcarte,cryptocarte,titulairecarte) VALUES (47,47,'4716791005215','04/04/2031','255','Lana Chavez');
INSERT INTO "cartebancaire" (idcarte,idclient,numerocarte,expirationcarte,cryptocarte,titulairecarte) VALUES (48,48,'4532165200575','16/06/2021','545','Hamilton Barrett');
INSERT INTO "cartebancaire" (idcarte,idclient,numerocarte,expirationcarte,cryptocarte,titulairecarte) VALUES (49,49,'4929463617148','27/02/2031','840','Ashton Guthrie');
INSERT INTO "cartebancaire" (idcarte,idclient,numerocarte,expirationcarte,cryptocarte,titulairecarte) VALUES (50,50,'4485625109615','05/04/2042','925','Stacey Branch');
INSERT INTO "cartebancaire" (idcarte,idclient,numerocarte,expirationcarte,cryptocarte,titulairecarte) VALUES (51,51,'4539496680185','02/02/2023','792','Chadwick Gamble');
INSERT INTO "cartebancaire" (idcarte,idclient,numerocarte,expirationcarte,cryptocarte,titulairecarte) VALUES (52,52,'4485844593540','15/04/2026','737','Alexandra Doyle');
INSERT INTO "cartebancaire" (idcarte,idclient,numerocarte,expirationcarte,cryptocarte,titulairecarte) VALUES (53,53,'4485923760166842','24/09/2031','894','Valentine Hobbs');
INSERT INTO "cartebancaire" (idcarte,idclient,numerocarte,expirationcarte,cryptocarte,titulairecarte) VALUES (54,54,'4539504427611','21/05/2023','915','Amos Bradshaw');
INSERT INTO "cartebancaire" (idcarte,idclient,numerocarte,expirationcarte,cryptocarte,titulairecarte) VALUES (55,55,'4929499620568844','08/11/2029','955','Hiroko Haney');
INSERT INTO "cartebancaire" (idcarte,idclient,numerocarte,expirationcarte,cryptocarte,titulairecarte) VALUES (56,56,'4556613383477','21/11/2038','911','Vernon Moody');
INSERT INTO "cartebancaire" (idcarte,idclient,numerocarte,expirationcarte,cryptocarte,titulairecarte) VALUES (57,57,'4539699251578','25/11/2043','406','Kasimir Hurley');
INSERT INTO "cartebancaire" (idcarte,idclient,numerocarte,expirationcarte,cryptocarte,titulairecarte) VALUES (58,58,'4929457658487311','24/10/2040','387','Ella Hoover');
INSERT INTO "cartebancaire" (idcarte,idclient,numerocarte,expirationcarte,cryptocarte,titulairecarte) VALUES (59,59,'4532314045269','13/01/2035','617','Carter Flowers');
INSERT INTO "cartebancaire" (idcarte,idclient,numerocarte,expirationcarte,cryptocarte,titulairecarte) VALUES (60,60,'4485804645264','17/08/2026','669','Charlotte Ochoa');
INSERT INTO "cartebancaire" (idcarte,idclient,numerocarte,expirationcarte,cryptocarte,titulairecarte) VALUES (61,61,'4532909190634189','26/11/2037','593','Jamal Wolfe');
INSERT INTO "cartebancaire" (idcarte,idclient,numerocarte,expirationcarte,cryptocarte,titulairecarte) VALUES (62,62,'4113775832782','24/10/2042','767','Medge Deleon');
INSERT INTO "cartebancaire" (idcarte,idclient,numerocarte,expirationcarte,cryptocarte,titulairecarte) VALUES (63,63,'4916004608809015','29/09/2029','904','Evan Ray');
INSERT INTO "cartebancaire" (idcarte,idclient,numerocarte,expirationcarte,cryptocarte,titulairecarte) VALUES (64,64,'4539069225178','15/05/2038','168','Benedict Haynes');
INSERT INTO "cartebancaire" (idcarte,idclient,numerocarte,expirationcarte,cryptocarte,titulairecarte) VALUES (65,65,'4532671017703','22/09/2035','436','Malachi Ware');
INSERT INTO "cartebancaire" (idcarte,idclient,numerocarte,expirationcarte,cryptocarte,titulairecarte) VALUES (66,66,'4485482575023','08/09/2025','454','Harrison Rhodes');
INSERT INTO "cartebancaire" (idcarte,idclient,numerocarte,expirationcarte,cryptocarte,titulairecarte) VALUES (67,67,'4556015707006613','09/04/2033','644','Kimberly Peterson');
INSERT INTO "cartebancaire" (idcarte,idclient,numerocarte,expirationcarte,cryptocarte,titulairecarte) VALUES (68,68,'4916373875815744','26/11/2044','433','Kasimir Camacho');
INSERT INTO "cartebancaire" (idcarte,idclient,numerocarte,expirationcarte,cryptocarte,titulairecarte) VALUES (69,69,'4539581553871055','31/01/2026','199','Keegan Stevens');
INSERT INTO "cartebancaire" (idcarte,idclient,numerocarte,expirationcarte,cryptocarte,titulairecarte) VALUES (70,70,'4539543326543','03/12/2025','484','Camilla Bowen');
INSERT INTO "cartebancaire" (idcarte,idclient,numerocarte,expirationcarte,cryptocarte,titulairecarte) VALUES (71,71,'4556066935023466','10/10/2037','911','Brock Solis');
INSERT INTO "cartebancaire" (idcarte,idclient,numerocarte,expirationcarte,cryptocarte,titulairecarte) VALUES (72,72,'4716161750663','08/08/2029','356','Winifred Rosales');
INSERT INTO "cartebancaire" (idcarte,idclient,numerocarte,expirationcarte,cryptocarte,titulairecarte) VALUES (73,73,'4929483046138','28/02/2043','205','Basil Randolph');
INSERT INTO "cartebancaire" (idcarte,idclient,numerocarte,expirationcarte,cryptocarte,titulairecarte) VALUES (74,74,'4532671762712','20/11/2022','528','Axel Glenn');
INSERT INTO "cartebancaire" (idcarte,idclient,numerocarte,expirationcarte,cryptocarte,titulairecarte) VALUES (75,75,'4024007104728','08/05/2035','889','Emery Lindsay');
INSERT INTO "cartebancaire" (idcarte,idclient,numerocarte,expirationcarte,cryptocarte,titulairecarte) VALUES (76,76,'4716548553848','04/12/2028','564','Kieran Nixon');
INSERT INTO "cartebancaire" (idcarte,idclient,numerocarte,expirationcarte,cryptocarte,titulairecarte) VALUES (77,77,'4929234650750156','11/12/2038','836','Leah Irwin');
INSERT INTO "cartebancaire" (idcarte,idclient,numerocarte,expirationcarte,cryptocarte,titulairecarte) VALUES (78,78,'4485626041288877','04/03/2023','836','Ocean Kim');
INSERT INTO "cartebancaire" (idcarte,idclient,numerocarte,expirationcarte,cryptocarte,titulairecarte) VALUES (79,79,'4539515147752','18/09/2022','362','Azalia Rivers');
INSERT INTO "cartebancaire" (idcarte,idclient,numerocarte,expirationcarte,cryptocarte,titulairecarte) VALUES (80,80,'4556053333354','15/11/2028','951','Joseph Orr');
INSERT INTO "cartebancaire" (idcarte,idclient,numerocarte,expirationcarte,cryptocarte,titulairecarte) VALUES (81,81,'4929448618940275','25/06/2028','889','Gay Duffy');
INSERT INTO "cartebancaire" (idcarte,idclient,numerocarte,expirationcarte,cryptocarte,titulairecarte) VALUES (82,82,'4716215081628','19/07/2030','967','Fiona Freeman');
INSERT INTO "cartebancaire" (idcarte,idclient,numerocarte,expirationcarte,cryptocarte,titulairecarte) VALUES (83,83,'4929036819162763','11/06/2035','890','Cassady Douglas');
INSERT INTO "cartebancaire" (idcarte,idclient,numerocarte,expirationcarte,cryptocarte,titulairecarte) VALUES (84,84,'4532486781667','03/06/2037','344','Cadman Morin');
INSERT INTO "cartebancaire" (idcarte,idclient,numerocarte,expirationcarte,cryptocarte,titulairecarte) VALUES (85,85,'4669928617463688','20/05/2032','296','Jane Farmer');
INSERT INTO "cartebancaire" (idcarte,idclient,numerocarte,expirationcarte,cryptocarte,titulairecarte) VALUES (86,86,'4716389453640280','26/02/2021','294','Fletcher Carrillo');
INSERT INTO "cartebancaire" (idcarte,idclient,numerocarte,expirationcarte,cryptocarte,titulairecarte) VALUES (87,87,'4716259545152042','07/12/2028','669','Wyatt Russo');
INSERT INTO "cartebancaire" (idcarte,idclient,numerocarte,expirationcarte,cryptocarte,titulairecarte) VALUES (88,88,'4485742110702','01/04/2033','366','Ora Vang');
INSERT INTO "cartebancaire" (idcarte,idclient,numerocarte,expirationcarte,cryptocarte,titulairecarte) VALUES (89,89,'4539200007849357','18/06/2033','937','September Cabrera');
INSERT INTO "cartebancaire" (idcarte,idclient,numerocarte,expirationcarte,cryptocarte,titulairecarte) VALUES (90,90,'4257122118417686','07/06/2025','637','Calista Henderson');
INSERT INTO "cartebancaire" (idcarte,idclient,numerocarte,expirationcarte,cryptocarte,titulairecarte) VALUES (91,91,'4077422442346520','15/11/2027','335','Gloria Hendricks');
INSERT INTO "cartebancaire" (idcarte,idclient,numerocarte,expirationcarte,cryptocarte,titulairecarte) VALUES (92,92,'4929916995281','14/04/2038','223','Brennan Gray');
INSERT INTO "cartebancaire" (idcarte,idclient,numerocarte,expirationcarte,cryptocarte,titulairecarte) VALUES (93,93,'4532507488177','12/04/2038','159','Dylan Parrish');
INSERT INTO "cartebancaire" (idcarte,idclient,numerocarte,expirationcarte,cryptocarte,titulairecarte) VALUES (94,94,'4485509435599','08/06/2039','335','Yael Cummings');
INSERT INTO "cartebancaire" (idcarte,idclient,numerocarte,expirationcarte,cryptocarte,titulairecarte) VALUES (95,95,'4539410251546944','22/02/2045','277','Mikayla Ratliff');
INSERT INTO "cartebancaire" (idcarte,idclient,numerocarte,expirationcarte,cryptocarte,titulairecarte) VALUES (96,96,'4716763746192','29/06/2026','137','Kaitlin Erickson');
INSERT INTO "cartebancaire" (idcarte,idclient,numerocarte,expirationcarte,cryptocarte,titulairecarte) VALUES (97,97,'4485273080563413','25/10/2040','723','Xantha Ferguson');
INSERT INTO "cartebancaire" (idcarte,idclient,numerocarte,expirationcarte,cryptocarte,titulairecarte) VALUES (98,98,'4009237342207900','09/11/2043','824','Kenneth Brock');
INSERT INTO "cartebancaire" (idcarte,idclient,numerocarte,expirationcarte,cryptocarte,titulairecarte) VALUES (99,99,'4539385933755719','22/11/2023','758','Rama Munoz');
INSERT INTO "cartebancaire" (idcarte,idclient,numerocarte,expirationcarte,cryptocarte,titulairecarte) VALUES (100,100,'4716352387267','22/04/2039','646','Christen Cline');


/* Insertion table CATEGORIE*/
INSERT INTO "categorie" (idcategorie,nomcategorie) VALUES (1,'Jeux vidéo et Consoles');
INSERT INTO "categorie" (idcategorie,nomcategorie) VALUES (2,'Informatique et Tablettes');
INSERT INTO "categorie" (idcategorie,nomcategorie) VALUES (3,'Smartphones et Objets connectés');
INSERT INTO "categorie" (idcategorie,nomcategorie) VALUES (4,'Photo et Caméras');
INSERT INTO "categorie" (idcategorie,nomcategorie) VALUES (5,'Son');
INSERT INTO "categorie" (idcategorie,nomcategorie) VALUES (6,'TV et Vidéo');

/* Insertion table CODEPROMO */
INSERT INTO "codepromo" (idcodepromo, valcodepromo, nomcodepromo, typecodepromo, dateexp) VALUES (1,5,'REMISE5','Offre bienvenue','05/01/2022');
INSERT INTO "codepromo" (idcodepromo, valcodepromo, nomcodepromo, typecodepromo, dateexp) VALUES (2,10,'REMISE10','Offre 10','06/03/2025');
INSERT INTO "codepromo" (idcodepromo, valcodepromo, nomcodepromo, typecodepromo, dateexp) VALUES (3,20,'VIP20','Client privilege 20','06/10/2021');

/* Insertion table MARQUE */
INSERT INTO "marque" (idmarque,nommarque) VALUES (1,'Acer');
INSERT INTO "marque" (idmarque,nommarque) VALUES (2,'Actes sud');
INSERT INTO "marque" (idmarque,nommarque) VALUES (3,'Activision');
INSERT INTO "marque" (idmarque,nommarque) VALUES (4,'Activision Blizzard');
INSERT INTO "marque" (idmarque,nommarque) VALUES (5,'AEG');
INSERT INTO "marque" (idmarque,nommarque) VALUES (6,'Albin Michel');
INSERT INTO "marque" (idmarque,nommarque) VALUES (7,'Alcatel');
INSERT INTO "marque" (idmarque,nommarque) VALUES (8,'Ankama');
INSERT INTO "marque" (idmarque,nommarque) VALUES (9,'Apple');
INSERT INTO "marque" (idmarque,nommarque) VALUES (10,'Archos');
INSERT INTO "marque" (idmarque,nommarque) VALUES (11,'Asmodée');
INSERT INTO "marque" (idmarque,nommarque) VALUES (12,'Assimil');
INSERT INTO "marque" (idmarque,nommarque) VALUES (13,'Asus');
INSERT INTO "marque" (idmarque,nommarque) VALUES (14,'Atalante');
INSERT INTO "marque" (idmarque,nommarque) VALUES (15,'Atlas');
INSERT INTO "marque" (idmarque,nommarque) VALUES (16,'Audio-Technica');
INSERT INTO "marque" (idmarque,nommarque) VALUES (17,'BabyLiss');
INSERT INTO "marque" (idmarque,nommarque) VALUES (18,'Bandai Namco');
INSERT INTO "marque" (idmarque,nommarque) VALUES (19,'Barbie');
INSERT INTO "marque" (idmarque,nommarque) VALUES (20,'Bayard Jeunesse');
INSERT INTO "marque" (idmarque,nommarque) VALUES (21,'Beats');
INSERT INTO "marque" (idmarque,nommarque) VALUES (22,'Belin');
INSERT INTO "marque" (idmarque,nommarque) VALUES (23,'BenQ');
INSERT INTO "marque" (idmarque,nommarque) VALUES (24,'Bethesda');
INSERT INTO "marque" (idmarque,nommarque) VALUES (25,'Beyblade');
INSERT INTO "marque" (idmarque,nommarque) VALUES (26,'BigBen');
INSERT INTO "marque" (idmarque,nommarque) VALUES (27,'BlackBerry');
INSERT INTO "marque" (idmarque,nommarque) VALUES (28,'Blanc manger Coco');
INSERT INTO "marque" (idmarque,nommarque) VALUES (29,'Bordas');
INSERT INTO "marque" (idmarque,nommarque) VALUES (30,'Bosch');
INSERT INTO "marque" (idmarque,nommarque) VALUES (31,'Bose');
INSERT INTO "marque" (idmarque,nommarque) VALUES (32,'Bragelonne');
INSERT INTO "marque" (idmarque,nommarque) VALUES (33,'Brandt');
INSERT INTO "marque" (idmarque,nommarque) VALUES (34,'Braun');
INSERT INTO "marque" (idmarque,nommarque) VALUES (35,'Brio');
INSERT INTO "marque" (idmarque,nommarque) VALUES (36,'Brother');
INSERT INTO "marque" (idmarque,nommarque) VALUES (37,'Cabasse');
INSERT INTO "marque" (idmarque,nommarque) VALUES (38,'Calor');
INSERT INTO "marque" (idmarque,nommarque) VALUES (39,'Canon');
INSERT INTO "marque" (idmarque,nommarque) VALUES (40,'Capcom');
INSERT INTO "marque" (idmarque,nommarque) VALUES (41,'Capitol');
INSERT INTO "marque" (idmarque,nommarque) VALUES (42,'Carrera');
INSERT INTO "marque" (idmarque,nommarque) VALUES (43,'Casio');
INSERT INTO "marque" (idmarque,nommarque) VALUES (44,'Casterman');
INSERT INTO "marque" (idmarque,nommarque) VALUES (45,'Charleston');
INSERT INTO "marque" (idmarque,nommarque) VALUES (46,'Chicco');
INSERT INTO "marque" (idmarque,nommarque) VALUES (47,'Clementoni');
INSERT INTO "marque" (idmarque,nommarque) VALUES (48,'Columbia');
INSERT INTO "marque" (idmarque,nommarque) VALUES (49,'Cook Expert');
INSERT INTO "marque" (idmarque,nommarque) VALUES (50,'Corsair');
INSERT INTO "marque" (idmarque,nommarque) VALUES (51,'Coyote');
INSERT INTO "marque" (idmarque,nommarque) VALUES (52,'Crosscall');
INSERT INTO "marque" (idmarque,nommarque) VALUES (53,'Crucial');
INSERT INTO "marque" (idmarque,nommarque) VALUES (54,'Dakotabox');
INSERT INTO "marque" (idmarque,nommarque) VALUES (55,'Dalloz');
INSERT INTO "marque" (idmarque,nommarque) VALUES (56,'Dargaud');
INSERT INTO "marque" (idmarque,nommarque) VALUES (57,'Delagrave');
INSERT INTO "marque" (idmarque,nommarque) VALUES (58,'Delcourt');
INSERT INTO "marque" (idmarque,nommarque) VALUES (59,'Dell');
INSERT INTO "marque" (idmarque,nommarque) VALUES (60,'Delonghi');
INSERT INTO "marque" (idmarque,nommarque) VALUES (61,'Delsey');
INSERT INTO "marque" (idmarque,nommarque) VALUES (62,'Denon');
INSERT INTO "marque" (idmarque,nommarque) VALUES (63,'Devialet');
INSERT INTO "marque" (idmarque,nommarque) VALUES (64,'Devolo');
INSERT INTO "marque" (idmarque,nommarque) VALUES (65,'Didier');
INSERT INTO "marque" (idmarque,nommarque) VALUES (66,'Disney');
INSERT INTO "marque" (idmarque,nommarque) VALUES (67,'Djeco');
INSERT INTO "marque" (idmarque,nommarque) VALUES (68,'Dji');
INSERT INTO "marque" (idmarque,nommarque) VALUES (69,'Doro');
INSERT INTO "marque" (idmarque,nommarque) VALUES (70,'Dujardin');
INSERT INTO "marque" (idmarque,nommarque) VALUES (71,'Dunod');
INSERT INTO "marque" (idmarque,nommarque) VALUES (72,'Dupuis');
INSERT INTO "marque" (idmarque,nommarque) VALUES (73,'Dyson');
INSERT INTO "marque" (idmarque,nommarque) VALUES (74,'Eastpak');
INSERT INTO "marque" (idmarque,nommarque) VALUES (75,'Ecole Des Loisirs');
INSERT INTO "marque" (idmarque,nommarque) VALUES (76,'Electrolux');
INSERT INTO "marque" (idmarque,nommarque) VALUES (77,'Electronic Arts');
INSERT INTO "marque" (idmarque,nommarque) VALUES (78,'Ellipses');
INSERT INTO "marque" (idmarque,nommarque) VALUES (79,'Elsevier Masson');
INSERT INTO "marque" (idmarque,nommarque) VALUES (80,'Enchantimals');
INSERT INTO "marque" (idmarque,nommarque) VALUES (81,'EON');
INSERT INTO "marque" (idmarque,nommarque) VALUES (82,'Epson');
INSERT INTO "marque" (idmarque,nommarque) VALUES (83,'Eres');
INSERT INTO "marque" (idmarque,nommarque) VALUES (84,'Esf');
INSERT INTO "marque" (idmarque,nommarque) VALUES (85,'E-Twow');
INSERT INTO "marque" (idmarque,nommarque) VALUES (86,'Eyrolles');
INSERT INTO "marque" (idmarque,nommarque) VALUES (87,'Fayard');
INSERT INTO "marque" (idmarque,nommarque) VALUES (88,'Fisher price');
INSERT INTO "marque" (idmarque,nommarque) VALUES (89,'Fitbit');
INSERT INTO "marque" (idmarque,nommarque) VALUES (90,'Flammarion');
INSERT INTO "marque" (idmarque,nommarque) VALUES (91,'Focal');
INSERT INTO "marque" (idmarque,nommarque) VALUES (92,'Focus Home');
INSERT INTO "marque" (idmarque,nommarque) VALUES (93,'Forceglass');
INSERT INTO "marque" (idmarque,nommarque) VALUES (94,'Foucher');
INSERT INTO "marque" (idmarque,nommarque) VALUES (95,'Fuji');
INSERT INTO "marque" (idmarque,nommarque) VALUES (96,'Fujifilm');
INSERT INTO "marque" (idmarque,nommarque) VALUES (97,'Fujitsu');
INSERT INTO "marque" (idmarque,nommarque) VALUES (98,'Funko');
INSERT INTO "marque" (idmarque,nommarque) VALUES (99,'Gallimard');
INSERT INTO "marque" (idmarque,nommarque) VALUES (100,'Gallimard jeunesse');
INSERT INTO "marque" (idmarque,nommarque) VALUES (101,'Gardena');
INSERT INTO "marque" (idmarque,nommarque) VALUES (102,'Garmin');
INSERT INTO "marque" (idmarque,nommarque) VALUES (103,'Gaumont');
INSERT INTO "marque" (idmarque,nommarque) VALUES (104,'Geomag');
INSERT INTO "marque" (idmarque,nommarque) VALUES (105,'Ghibli');
INSERT INTO "marque" (idmarque,nommarque) VALUES (106,'Gigamic');
INSERT INTO "marque" (idmarque,nommarque) VALUES (107,'Gigaset');
INSERT INTO "marque" (idmarque,nommarque) VALUES (108,'Glénat');
INSERT INTO "marque" (idmarque,nommarque) VALUES (109,'Goliath');
INSERT INTO "marque" (idmarque,nommarque) VALUES (110,'Google');
INSERT INTO "marque" (idmarque,nommarque) VALUES (111,'GoPro');
INSERT INTO "marque" (idmarque,nommarque) VALUES (112,'Grasset');
INSERT INTO "marque" (idmarque,nommarque) VALUES (113,'Grundig');
INSERT INTO "marque" (idmarque,nommarque) VALUES (114,'Hachette Education');
INSERT INTO "marque" (idmarque,nommarque) VALUES (115,'Hachette Pratique');
INSERT INTO "marque" (idmarque,nommarque) VALUES (116,'Hachette Tourisme Guides');
INSERT INTO "marque" (idmarque,nommarque) VALUES (117,'Harlequin');
INSERT INTO "marque" (idmarque,nommarque) VALUES (118,'Harman France');
INSERT INTO "marque" (idmarque,nommarque) VALUES (119,'Harry Potter');
INSERT INTO "marque" (idmarque,nommarque) VALUES (120,'Hasbro');
INSERT INTO "marque" (idmarque,nommarque) VALUES (121,'Hatier');
INSERT INTO "marque" (idmarque,nommarque) VALUES (122,'Hedgren');
INSERT INTO "marque" (idmarque,nommarque) VALUES (123,'Herschel');
INSERT INTO "marque" (idmarque,nommarque) VALUES (124,'Honor');
INSERT INTO "marque" (idmarque,nommarque) VALUES (125,'Hot Wheels');
INSERT INTO "marque" (idmarque,nommarque) VALUES (126,'HP');
INSERT INTO "marque" (idmarque,nommarque) VALUES (127,'HTC');
INSERT INTO "marque" (idmarque,nommarque) VALUES (128,'Huawei');
INSERT INTO "marque" (idmarque,nommarque) VALUES (129,'HyperX');
INSERT INTO "marque" (idmarque,nommarque) VALUES (130,'Iiyama');
INSERT INTO "marque" (idmarque,nommarque) VALUES (131,'Indesit');
INSERT INTO "marque" (idmarque,nommarque) VALUES (132,'Initial');
INSERT INTO "marque" (idmarque,nommarque) VALUES (133,'Intex');
INSERT INTO "marque" (idmarque,nommarque) VALUES (134,'Iris');
INSERT INTO "marque" (idmarque,nommarque) VALUES (135,'Irobot');
INSERT INTO "marque" (idmarque,nommarque) VALUES (136,'Jabra');
INSERT INTO "marque" (idmarque,nommarque) VALUES (137,'Jai Lu');
INSERT INTO "marque" (idmarque,nommarque) VALUES (138,'Janod');
INSERT INTO "marque" (idmarque,nommarque) VALUES (139,'JBL');
INSERT INTO "marque" (idmarque,nommarque) VALUES (140,'JVC');
INSERT INTO "marque" (idmarque,nommarque) VALUES (141,'Kaleidoscope');
INSERT INTO "marque" (idmarque,nommarque) VALUES (142,'Kapla');
INSERT INTO "marque" (idmarque,nommarque) VALUES (143,'Karcher');
INSERT INTO "marque" (idmarque,nommarque) VALUES (144,'Kenwood');
INSERT INTO "marque" (idmarque,nommarque) VALUES (145,'Kitchenaid');
INSERT INTO "marque" (idmarque,nommarque) VALUES (146,'Kobo');
INSERT INTO "marque" (idmarque,nommarque) VALUES (147,'Kodak');
INSERT INTO "marque" (idmarque,nommarque) VALUES (148,'Konami');
INSERT INTO "marque" (idmarque,nommarque) VALUES (149,'Krups');
INSERT INTO "marque" (idmarque,nommarque) VALUES (150,'La découverte');
INSERT INTO "marque" (idmarque,nommarque) VALUES (151,'LaCie');
INSERT INTO "marque" (idmarque,nommarque) VALUES (152,'Lagrange');
INSERT INTO "marque" (idmarque,nommarque) VALUES (153,'Larousse');
INSERT INTO "marque" (idmarque,nommarque) VALUES (154,'Lattes');
INSERT INTO "marque" (idmarque,nommarque) VALUES (155,'Lego');
INSERT INTO "marque" (idmarque,nommarque) VALUES (156,'Lego Duplo');
INSERT INTO "marque" (idmarque,nommarque) VALUES (157,'Leica');
INSERT INTO "marque" (idmarque,nommarque) VALUES (158,'Lenovo');
INSERT INTO "marque" (idmarque,nommarque) VALUES (159,'LG');
INSERT INTO "marque" (idmarque,nommarque) VALUES (160,'Lgdj');
INSERT INTO "marque" (idmarque,nommarque) VALUES (161,'Lgf');
INSERT INTO "marque" (idmarque,nommarque) VALUES (162,'Linksys');
INSERT INTO "marque" (idmarque,nommarque) VALUES (163,'Logitech');
INSERT INTO "marque" (idmarque,nommarque) VALUES (164,'Lonely Planet');
INSERT INTO "marque" (idmarque,nommarque) VALUES (165,'LOreal Paris');
INSERT INTO "marque" (idmarque,nommarque) VALUES (166,'LUCASFILM');
INSERT INTO "marque" (idmarque,nommarque) VALUES (167,'Lumix');
INSERT INTO "marque" (idmarque,nommarque) VALUES (168,'Lunii');
INSERT INTO "marque" (idmarque,nommarque) VALUES (169,'M6 Interactions');
INSERT INTO "marque" (idmarque,nommarque) VALUES (170,'Magimix');
INSERT INTO "marque" (idmarque,nommarque) VALUES (171,'Magnard');
INSERT INTO "marque" (idmarque,nommarque) VALUES (172,'Manfrotto');
INSERT INTO "marque" (idmarque,nommarque) VALUES (173,'Marabout');
INSERT INTO "marque" (idmarque,nommarque) VALUES (174,'Marantz');
INSERT INTO "marque" (idmarque,nommarque) VALUES (175,'Marshall');
INSERT INTO "marque" (idmarque,nommarque) VALUES (176,'Marvel');
INSERT INTO "marque" (idmarque,nommarque) VALUES (177,'Mattel');
INSERT INTO "marque" (idmarque,nommarque) VALUES (178,'Maxtor');
INSERT INTO "marque" (idmarque,nommarque) VALUES (179,'Meccano');
INSERT INTO "marque" (idmarque,nommarque) VALUES (180,'Mercury');
INSERT INTO "marque" (idmarque,nommarque) VALUES (181,'Michel Lafon');
INSERT INTO "marque" (idmarque,nommarque) VALUES (182,'Microsoft');
INSERT INTO "marque" (idmarque,nommarque) VALUES (183,'Miele');
INSERT INTO "marque" (idmarque,nommarque) VALUES (184,'Milady');
INSERT INTO "marque" (idmarque,nommarque) VALUES (185,'Minuit');
INSERT INTO "marque" (idmarque,nommarque) VALUES (186,'Monopoly');
INSERT INTO "marque" (idmarque,nommarque) VALUES (187,'Motorola');
INSERT INTO "marque" (idmarque,nommarque) VALUES (188,'Moulinex');
INSERT INTO "marque" (idmarque,nommarque) VALUES (189,'MSI');
INSERT INTO "marque" (idmarque,nommarque) VALUES (190,'Muse');
INSERT INTO "marque" (idmarque,nommarque) VALUES (191,'Muvit');
INSERT INTO "marque" (idmarque,nommarque) VALUES (192,'MW');
INSERT INTO "marque" (idmarque,nommarque) VALUES (193,'Nathan');
INSERT INTO "marque" (idmarque,nommarque) VALUES (194,'Neato');
INSERT INTO "marque" (idmarque,nommarque) VALUES (195,'Nerf');
INSERT INTO "marque" (idmarque,nommarque) VALUES (196,'Nespresso');
INSERT INTO "marque" (idmarque,nommarque) VALUES (197,'Nest');
INSERT INTO "marque" (idmarque,nommarque) VALUES (198,'Netatmo');
INSERT INTO "marque" (idmarque,nommarque) VALUES (199,'Netgear');
INSERT INTO "marque" (idmarque,nommarque) VALUES (200,'Nikon');
INSERT INTO "marque" (idmarque,nommarque) VALUES (201,'Nintendo');
INSERT INTO "marque" (idmarque,nommarque) VALUES (202,'Nokia');
INSERT INTO "marque" (idmarque,nommarque) VALUES (203,'Oculus');
INSERT INTO "marque" (idmarque,nommarque) VALUES (204,'Odile Jacob');
INSERT INTO "marque" (idmarque,nommarque) VALUES (205,'Olympus');
INSERT INTO "marque" (idmarque,nommarque) VALUES (206,'One Plus');
INSERT INTO "marque" (idmarque,nommarque) VALUES (207,'OnePlus');
INSERT INTO "marque" (idmarque,nommarque) VALUES (208,'Oppo');
INSERT INTO "marque" (idmarque,nommarque) VALUES (209,'Optoma');
INSERT INTO "marque" (idmarque,nommarque) VALUES (210,'Oral B');
INSERT INTO "marque" (idmarque,nommarque) VALUES (211,'Panasonic');
INSERT INTO "marque" (idmarque,nommarque) VALUES (212,'Panini Comics');
INSERT INTO "marque" (idmarque,nommarque) VALUES (213,'Paramount');
INSERT INTO "marque" (idmarque,nommarque) VALUES (214,'Parrot');
INSERT INTO "marque" (idmarque,nommarque) VALUES (215,'Paw Patrol');
INSERT INTO "marque" (idmarque,nommarque) VALUES (216,'Payot');
INSERT INTO "marque" (idmarque,nommarque) VALUES (217,'Pentax');
INSERT INTO "marque" (idmarque,nommarque) VALUES (218,'Peppa Pig');
INSERT INTO "marque" (idmarque,nommarque) VALUES (219,'Perrin');
INSERT INTO "marque" (idmarque,nommarque) VALUES (220,'Petit futé');
INSERT INTO "marque" (idmarque,nommarque) VALUES (221,'Philips');
INSERT INTO "marque" (idmarque,nommarque) VALUES (222,'Pika');
INSERT INTO "marque" (idmarque,nommarque) VALUES (223,'Pioneer');
INSERT INTO "marque" (idmarque,nommarque) VALUES (224,'Plantronics');
INSERT INTO "marque" (idmarque,nommarque) VALUES (225,'Play Doh');
INSERT INTO "marque" (idmarque,nommarque) VALUES (226,'Playmobil');
INSERT INTO "marque" (idmarque,nommarque) VALUES (227,'Pocket');
INSERT INTO "marque" (idmarque,nommarque) VALUES (228,'Pocket Jeunesse');
INSERT INTO "marque" (idmarque,nommarque) VALUES (229,'Points');
INSERT INTO "marque" (idmarque,nommarque) VALUES (230,'Pokémon');
INSERT INTO "marque" (idmarque,nommarque) VALUES (231,'Polaroid');
INSERT INTO "marque" (idmarque,nommarque) VALUES (232,'Polydor');
INSERT INTO "marque" (idmarque,nommarque) VALUES (233,'Port Designs');
INSERT INTO "marque" (idmarque,nommarque) VALUES (234,'Proline');
INSERT INTO "marque" (idmarque,nommarque) VALUES (235,'Puf');
INSERT INTO "marque" (idmarque,nommarque) VALUES (236,'Pure');
INSERT INTO "marque" (idmarque,nommarque) VALUES (237,'Pyjamasques');
INSERT INTO "marque" (idmarque,nommarque) VALUES (238,'Ravensburger');
INSERT INTO "marque" (idmarque,nommarque) VALUES (239,'Razer');
INSERT INTO "marque" (idmarque,nommarque) VALUES (240,'Revitive');
INSERT INTO "marque" (idmarque,nommarque) VALUES (241,'Ricoh');
INSERT INTO "marque" (idmarque,nommarque) VALUES (242,'Robert Laffont');
INSERT INTO "marque" (idmarque,nommarque) VALUES (243,'Roccat');
INSERT INTO "marque" (idmarque,nommarque) VALUES (244,'Rockstar Games');
INSERT INTO "marque" (idmarque,nommarque) VALUES (245,'Rowenta');
INSERT INTO "marque" (idmarque,nommarque) VALUES (246,'Rustica');
INSERT INTO "marque" (idmarque,nommarque) VALUES (247,'Samsonite');
INSERT INTO "marque" (idmarque,nommarque) VALUES (248,'Samsung');
INSERT INTO "marque" (idmarque,nommarque) VALUES (249,'SanDisk');
INSERT INTO "marque" (idmarque,nommarque) VALUES (250,'Seagate');
INSERT INTO "marque" (idmarque,nommarque) VALUES (251,'Seb');
INSERT INTO "marque" (idmarque,nommarque) VALUES (252,'Sega');
INSERT INTO "marque" (idmarque,nommarque) VALUES (253,'Sennheiser');
INSERT INTO "marque" (idmarque,nommarque) VALUES (254,'Seuil');
INSERT INTO "marque" (idmarque,nommarque) VALUES (255,'Sharp');
INSERT INTO "marque" (idmarque,nommarque) VALUES (256,'Siemens');
INSERT INTO "marque" (idmarque,nommarque) VALUES (257,'Sigma');
INSERT INTO "marque" (idmarque,nommarque) VALUES (258,'Singer');
INSERT INTO "marque" (idmarque,nommarque) VALUES (259,'Slendertone');
INSERT INTO "marque" (idmarque,nommarque) VALUES (260,'Smartbox');
INSERT INTO "marque" (idmarque,nommarque) VALUES (261,'Smeg');
INSERT INTO "marque" (idmarque,nommarque) VALUES (262,'Smoby');
INSERT INTO "marque" (idmarque,nommarque) VALUES (263,'Snk');
INSERT INTO "marque" (idmarque,nommarque) VALUES (264,'Sodastream');
INSERT INTO "marque" (idmarque,nommarque) VALUES (265,'Solar');
INSERT INTO "marque" (idmarque,nommarque) VALUES (266,'Soleil');
INSERT INTO "marque" (idmarque,nommarque) VALUES (267,'Somfy');
INSERT INTO "marque" (idmarque,nommarque) VALUES (268,'Sonos');
INSERT INTO "marque" (idmarque,nommarque) VALUES (269,'Sony');
INSERT INTO "marque" (idmarque,nommarque) VALUES (270,'SPHE');
INSERT INTO "marque" (idmarque,nommarque) VALUES (271,'Square Enix');
INSERT INTO "marque" (idmarque,nommarque) VALUES (272,'Star Wars');
INSERT INTO "marque" (idmarque,nommarque) VALUES (273,'Steamone');
INSERT INTO "marque" (idmarque,nommarque) VALUES (274,'Steelseries');
INSERT INTO "marque" (idmarque,nommarque) VALUES (275,'Stock');
INSERT INTO "marque" (idmarque,nommarque) VALUES (276,'Studio Canal');
INSERT INTO "marque" (idmarque,nommarque) VALUES (277,'Sylvanian Families');
INSERT INTO "marque" (idmarque,nommarque) VALUES (278,'Synology');
INSERT INTO "marque" (idmarque,nommarque) VALUES (279,'Tamron');
INSERT INTO "marque" (idmarque,nommarque) VALUES (280,'Targus');
INSERT INTO "marque" (idmarque,nommarque) VALUES (281,'Taschen');
INSERT INTO "marque" (idmarque,nommarque) VALUES (282,'Tcl');
INSERT INTO "marque" (idmarque,nommarque) VALUES (283,'Tefal');
INSERT INTO "marque" (idmarque,nommarque) VALUES (284,'Temium');
INSERT INTO "marque" (idmarque,nommarque) VALUES (285,'Terre Vivante');
INSERT INTO "marque" (idmarque,nommarque) VALUES (286,'Texas Instruments');
INSERT INTO "marque" (idmarque,nommarque) VALUES (287,'The North Face');
INSERT INTO "marque" (idmarque,nommarque) VALUES (288,'Thomson');
INSERT INTO "marque" (idmarque,nommarque) VALUES (289,'Thrustmaster');
INSERT INTO "marque" (idmarque,nommarque) VALUES (290,'Toshiba');
INSERT INTO "marque" (idmarque,nommarque) VALUES (291,'Tp Link');
INSERT INTO "marque" (idmarque,nommarque) VALUES (292,'Transformers');
INSERT INTO "marque" (idmarque,nommarque) VALUES (293,'Tucano');
INSERT INTO "marque" (idmarque,nommarque) VALUES (294,'Turtle Beach');
INSERT INTO "marque" (idmarque,nommarque) VALUES (295,'Ubisoft');
INSERT INTO "marque" (idmarque,nommarque) VALUES (296,'Ultimate Ears');
INSERT INTO "marque" (idmarque,nommarque) VALUES (297,'Universal');
INSERT INTO "marque" (idmarque,nommarque) VALUES (298,'Universal Music');
INSERT INTO "marque" (idmarque,nommarque) VALUES (299,'Urban Comics');
INSERT INTO "marque" (idmarque,nommarque) VALUES (300,'VTech');
INSERT INTO "marque" (idmarque,nommarque) VALUES (301,'Vuibert');
INSERT INTO "marque" (idmarque,nommarque) VALUES (302,'Wacom');
INSERT INTO "marque" (idmarque,nommarque) VALUES (303,'Walt disney');
INSERT INTO "marque" (idmarque,nommarque) VALUES (304,'Warner');
INSERT INTO "marque" (idmarque,nommarque) VALUES (305,'Warner Bros');
INSERT INTO "marque" (idmarque,nommarque) VALUES (306,'Warner Home Video');
INSERT INTO "marque" (idmarque,nommarque) VALUES (307,'Wbs');
INSERT INTO "marque" (idmarque,nommarque) VALUES (308,'Weber');
INSERT INTO "marque" (idmarque,nommarque) VALUES (309,'Western Digital');
INSERT INTO "marque" (idmarque,nommarque) VALUES (310,'Whirlpool');
INSERT INTO "marque" (idmarque,nommarque) VALUES (311,'Wiko');
INSERT INTO "marque" (idmarque,nommarque) VALUES (312,'Withings');
INSERT INTO "marque" (idmarque,nommarque) VALUES (313,'Wonderbox');
INSERT INTO "marque" (idmarque,nommarque) VALUES (314,'Xbox One');
INSERT INTO "marque" (idmarque,nommarque) VALUES (315,'Xiaomi');
INSERT INTO "marque" (idmarque,nommarque) VALUES (316,'Xo');
INSERT INTO "marque" (idmarque,nommarque) VALUES (317,'Yamaha');
INSERT INTO "marque" (idmarque,nommarque) VALUES (318,'Zhiyun');
INSERT INTO "marque" (idmarque,nommarque) VALUES (319,'20th Century Fox');

/* Insertion table PRODUIT */
INSERT INTO "produit" (idproduit, idmarque, nomproduit, descriptifproduit, prixproduit) VALUES (1,158,'IdeaPad 3','PC portable 15,6pouces AMD RYZEN 5 8GO RAM 512GO SSG Gris anthracite', 599.99);
INSERT INTO "produit" (idproduit, idmarque, nomproduit, descriptifproduit, prixproduit) VALUES (2,13,'Ultra-portable S413EA-EB426T','PC Ultra-Portable Asus S413EA-EB426T 14"" Intel Core i5 16 Go RAM 512 Go SSD Blanc rêveur', 785.99);
INSERT INTO "produit" (idproduit, idmarque, nomproduit, descriptifproduit, prixproduit) VALUES (3,9,'MacBook Pro Touch Bar','Apple MacBook Pro Touch Bar 16"" Retina Intel Core i9 8 coeurs de 9ème génération à 2.3 GHz 16 Go RAM 1To SSD Gris Sidéral Nouveau', 2899.99);
INSERT INTO "produit" (idproduit, idmarque, nomproduit, descriptifproduit, prixproduit) VALUES (4,110,'Pixel 5','Smartphone Google Pixel 5 Simplement Noir 128Go 5G', 579);
INSERT INTO "produit" (idproduit, idmarque, nomproduit, descriptifproduit, prixproduit) VALUES (5,9,'Iphone 12','Apple iPhone 12 6,1"" 128 Go Double SIM 5G Noir', 899);
INSERT INTO "produit" (idproduit, idmarque, nomproduit, descriptifproduit, prixproduit) VALUES (6,248,'Galaxy S21','Smartphone Samsung Galaxy S21 6,2"" 256 Go 5G Double SIM Gris', 909);
INSERT INTO "produit" (idproduit, idmarque, nomproduit, descriptifproduit, prixproduit) VALUES (7,39,'Objectif RF 600mm','Objectif hybride Canon RF 600mm f/4 L IS USM Blanc', 13999);
INSERT INTO "produit" (idproduit, idmarque, nomproduit, descriptifproduit, prixproduit) VALUES (8,39,'EOS 5D Mark IV','Reflex Canon EOS 5D Mark IV Boîtier Nu', 2599);
INSERT INTO "produit" (idproduit, idmarque, nomproduit, descriptifproduit, prixproduit) VALUES (9,139,'Flip Essential','Enceinte sans fil Bluetooth JBL Flip Essential Gris', 79.99);
INSERT INTO "produit" (idproduit, idmarque, nomproduit, descriptifproduit, prixproduit) VALUES (10,175,'Stanmore II','Enceinte Bluetooth Marshall Stanmore II Noir', 349.99);
INSERT INTO "produit" (idproduit, idmarque, nomproduit, descriptifproduit, prixproduit) VALUES (11,63,'Phantom I','Enceinte sans fil Bluetooth Devialet Phantom I 108 db Chrome foncé', 2790);
INSERT INTO "produit" (idproduit, idmarque, nomproduit, descriptifproduit, prixproduit) VALUES (12,221,'The ONE','TV Philips The One 65PUS8545 65'' LED 4K UHD Smart TV Ambilight Argent', 799.99);
INSERT INTO "produit" (idproduit, idmarque, nomproduit, descriptifproduit, prixproduit) VALUES (13,159,'OLED 77G1','TV LG OLED77G1 77"" OLED Smart TV 2021 Noir', 4499);

/* Insertion table SOUSCATEGORIE */
INSERT INTO "souscategorie" (idsouscategorie, idcategorie, nomsouscategorie) VALUES (1,1,'Playstation');
INSERT INTO "souscategorie" (idsouscategorie, idcategorie, nomsouscategorie) VALUES (2,1,'Nintendo');
INSERT INTO "souscategorie" (idsouscategorie, idcategorie, nomsouscategorie) VALUES (3,1,'PC');
INSERT INTO "souscategorie" (idsouscategorie, idcategorie, nomsouscategorie) VALUES (4,1,'Xbox');
INSERT INTO "souscategorie" (idsouscategorie, idcategorie, nomsouscategorie) VALUES (5,2,'Ordinateur portable');
INSERT INTO "souscategorie" (idsouscategorie, idcategorie, nomsouscategorie) VALUES (6,2,'Ordinateur bureau');
INSERT INTO "souscategorie" (idsouscategorie, idcategorie, nomsouscategorie) VALUES (7,2,'Tablette tactile');
INSERT INTO "souscategorie" (idsouscategorie, idcategorie, nomsouscategorie) VALUES (8,2,'Périphérique et accessoires');
INSERT INTO "souscategorie" (idsouscategorie, idcategorie, nomsouscategorie) VALUES (9,2,'Liseuse numérique');
INSERT INTO "souscategorie" (idsouscategorie, idcategorie, nomsouscategorie) VALUES (10,2,'Bureautique');
INSERT INTO "souscategorie" (idsouscategorie, idcategorie, nomsouscategorie) VALUES (11,3,'Téléphone portable');
INSERT INTO "souscategorie" (idsouscategorie, idcategorie, nomsouscategorie) VALUES (12,3,'Objets connectés');
INSERT INTO "souscategorie" (idsouscategorie, idcategorie, nomsouscategorie) VALUES (13,3,'Téléphone fixe');
INSERT INTO "souscategorie" (idsouscategorie, idcategorie, nomsouscategorie) VALUES (14,3,'Navigation - Auto');
INSERT INTO "souscategorie" (idsouscategorie, idcategorie, nomsouscategorie) VALUES (15,4,'Appareil photo hybride');
INSERT INTO "souscategorie" (idsouscategorie, idcategorie, nomsouscategorie) VALUES (16,4,'Appareil photo reflex');
INSERT INTO "souscategorie" (idsouscategorie, idcategorie, nomsouscategorie) VALUES (17,4,'Appareil photo compact bridge');
INSERT INTO "souscategorie" (idsouscategorie, idcategorie, nomsouscategorie) VALUES (18,4,'Camescope');
INSERT INTO "souscategorie" (idsouscategorie, idcategorie, nomsouscategorie) VALUES (19,4,'Drone');
INSERT INTO "souscategorie" (idsouscategorie, idcategorie, nomsouscategorie) VALUES (20,4,'Objectif photo');
INSERT INTO "souscategorie" (idsouscategorie, idcategorie, nomsouscategorie) VALUES (21,4,'Trépied');
INSERT INTO "souscategorie" (idsouscategorie, idcategorie, nomsouscategorie) VALUES (22,4,'Carte mémoire');
INSERT INTO "souscategorie" (idsouscategorie, idcategorie, nomsouscategorie) VALUES (23,4,'Flash photo');
INSERT INTO "souscategorie" (idsouscategorie, idcategorie, nomsouscategorie) VALUES (24,4,'Jumelles');
INSERT INTO "souscategorie" (idsouscategorie, idcategorie, nomsouscategorie) VALUES (25,4,'Accessoires photo');
INSERT INTO "souscategorie" (idsouscategorie, idcategorie, nomsouscategorie) VALUES (26,5,'Casque, écouteur');
INSERT INTO "souscategorie" (idsouscategorie, idcategorie, nomsouscategorie) VALUES (27,5,'Enceinte, Dock');
INSERT INTO "souscategorie" (idsouscategorie, idcategorie, nomsouscategorie) VALUES (28,5,'Hifi');
INSERT INTO "souscategorie" (idsouscategorie, idcategorie, nomsouscategorie) VALUES (29,6,'TV');
INSERT INTO "souscategorie" (idsouscategorie, idcategorie, nomsouscategorie) VALUES (30,6,'Videoprojecteur');
INSERT INTO "souscategorie" (idsouscategorie, idcategorie, nomsouscategorie) VALUES (31,6,'Barre de son');
INSERT INTO "souscategorie" (idsouscategorie, idcategorie, nomsouscategorie) VALUES (32,6,'Home cinéma');
INSERT INTO "souscategorie" (idsouscategorie, idcategorie, nomsouscategorie) VALUES (33,6,'Lecteur DVD, BLU-RAY');

/* Insertion table SOUSCAT_PRODUIT */
INSERT INTO "souscat_produit" (idproduit, idsouscategorie) VALUES (1,10);
INSERT INTO "souscat_produit" (idproduit, idsouscategorie) VALUES (2,10);
INSERT INTO "souscat_produit" (idproduit, idsouscategorie) VALUES (3,10);
INSERT INTO "souscat_produit" (idproduit, idsouscategorie) VALUES (4,11);
INSERT INTO "souscat_produit" (idproduit, idsouscategorie) VALUES (5,11);
INSERT INTO "souscat_produit" (idproduit, idsouscategorie) VALUES (6,11);
INSERT INTO "souscat_produit" (idproduit, idsouscategorie) VALUES (7,20);
INSERT INTO "souscat_produit" (idproduit, idsouscategorie) VALUES (8,16);
INSERT INTO "souscat_produit" (idproduit, idsouscategorie) VALUES (9,27);
INSERT INTO "souscat_produit" (idproduit, idsouscategorie) VALUES (10,27);
INSERT INTO "souscat_produit" (idproduit, idsouscategorie) VALUES (11,27);
INSERT INTO "souscat_produit" (idproduit, idsouscategorie) VALUES (12,29);
INSERT INTO "souscat_produit" (idproduit, idsouscategorie) VALUES (13,29);

/* Insertion table AVIS */
INSERT INTO "avis" (idavis, idproduit,idclient, dateavis, descriptionavis, noteavis ) VALUES (1,2,2,'11/05/2021' ,'Idéal bureautique ! Utilisé essentiellement pour des travaux de bureautique et pour la navigation sur Internet.',7);
INSERT INTO "avis" (idavis, idproduit,idclient, dateavis, descriptionavis, noteavis ) VALUES (2,8,45,'15/03/2021' ,'Enfin ! Depuis le temps que je devais changer de boitier canon...Le passage dun 7D à un 5d mark IV vous fait changer dunivers, maintenant, au vu des possibilités de la bête, il ny a plus quà lapprivoiser ! Après le prix est bien trop élevé mais avec les offres Fnac couplées aux offres Canon, 800 € de moins !',9);
INSERT INTO "avis" (idavis, idproduit,idclient, dateavis, descriptionavis, noteavis ) VALUES (3,11,54,'16/05/2021' ,'Excellente! Rien à redire, un son magnifique et puissant même pour une pièce de 100m2!',8);
INSERT INTO "avis" (idavis, idproduit,idclient, dateavis, descriptionavis, noteavis ) VALUES (4,13,98,'02/05/2021' ,'Top ! Rapport qualité prix imbattable.',10);
INSERT INTO "avis" (idavis, idproduit,idclient, dateavis, descriptionavis, noteavis ) VALUES (5,4,8,'04/05/2021' ,'Mauvais son appel ! A première vue, jétais très satisfaite du produit, de petite taille, fonctionnel avec un très belle qualité photo due au logiciel de retouche. Mais après quelques jours, écho important lors des appels, insupportable sans écouteurs. Jai fait quelques recherches et à priori cest un problème récurent avec les portables Google. Service après vente en cours, à suivre... Mais au prix du téléphone, cest très décevant.',3);

